id_envio,fecha_envio,id_ruta,id_vehiculo,peso_kg,volumen_m3,tipo_carga,estado,fecha_entrega
1.0,01/01/2023,,46.0,12675.8,28.48,Peligrosa,Entregado,05/01/2023
2.0,2023-01-01,3.0,27.0,13.6,24.93,  Peligrosa  ,Entregado,05/01/2023
3.0,02/01/2023,73.0,18.0,2536.0,50.55,refrigerada,Entregado,2023-01-06
4.0,03/01/2023,49.0,45.0,466.0,13.88,PELIGROSA,En tránsito,07/01/2023
5.0,2023-01-03,17.0,36.0,4928.9,0.44,Refrigerada,Retrasado,07/01/2023
,2023-01-04,,49.0,13623.8,39.11,Refrigerada,Entregado,2023-01-08
7.0,05/01/2023,55.0,51.0,1463.3,12.23,General,Entregado,2023-01-09
8.0,2023-01-06,23.0,27.0,9100.1,53.42,Peligrosa,Entregado,10/01/2023
9.0,06/01/2023,34.0,9.0,6777.9,51.56,Refrigerada,Entregado,2023-01-10
10.0,07/01/2023,69.0,55.0,14077.6,4.7,Perecible,Entregado,2023-01-11
11.0,08/01/2023,,39.0,18466.0,6.47,Perecible,En tránsito,12/01/2023
12.0,2023-01-09,47.0,1.0,,29.76,Peligrosa,En tránsito,2023-01-13
13.0,2023-01-09,3.0,7.0,452.8,36.59,General,Devuelto,2023-01-13
14.0,2023-01-10,28.0,,6514.7,16.57,General,Cancelado,2023-01-14
15.0,11/01/2023,3.0,7.0,417470.0,43.04,Refrigerada,En tránsito,2023-01-15
16.0,2023-01-11,4.0,52.0,13049.9,35.74,Peligrosa,,16/01/2023
17.0,2023-01-12,31.0,7.0,9078.1,19.56,PERECIBLE,Devuelto,2023-01-16
18.0,2023-01-13,45.0,8.0,9215.2,1.62,Refrigerada,Entregado,2023-01-17
19.0,14/01/2023,59.0,16.0,7983.3,45.03,Refrigerada,Entregado,18/01/2023
20.0,14/01/2023,45.0,3.0,1386.8,12.96,frágil,Entregado,18/01/2023
21.0,2023-01-15,75.0,45.0,6680.8,50.08,Peligrosa,En tránsito,2023-01-19
22.0,2023-01-16,,10.0,14992.6,25.28,Refrigerada,Retrasado,2023-01-20
23.0,2023-01-17,65.0,50.0,12530.1,34.67,Perecible,Entregado,2023-01-21
24.0,2023-01-17,9.0,7.0,13403.0,52.39,frágil,En tránsito,21/01/2023
25.0,18/01/2023,17.0,21.0,12350.2,51.83,Perecible,En tránsito,2023-01-22
26.0,19/01/2023,,53.0,1554.6,22.35,General,Entregado,
27.0,2023-01-19,,37.0,3419.4,12.61,Frágil,Entregado,2023-01-24
28.0,20/01/2023,26.0,31.0,56.8,46.53,,Entregado,2023-01-24
29.0,21/01/2023,53.0,23.0,4559.6,26.04,Refrigerada,Entregado,
30.0,22/01/2023,31.0,,1638.0,11.6,General,,2023-01-26
31.0,,26.0,27.0,7097.2,,REFRIGERADA,Retrasado,27/01/2023
32.0,2023-01-23,23.0,,10160.1,11.97,Peligrosa,Retrasado,2023-01-27
33.0,2023-01-24,30.0,22.0,13118.8,1.65,PERECIBLE,,2023-01-28
,2023-01-25,10.0,39.0,11240.8,1.31,  Perecible  ,Retrasado,29/01/2023
35.0,2023-01-25,72.0,57.0,14079.4,37.38,Refrigerada,,30/01/2023
36.0,2023-01-26,64.0,27.0,817.9,39.73,  Perecible  ,En tránsito,30/01/2023
37.0,2023-01-27,22.0,54.0,192.6,18.73,perecible,En tránsito,31/01/2023
38.0,2023-01-28,15.0,49.0,~9923.5,19.27,PELIGROSA,En tránsito,
39.0,28/01/2023,56.0,4.0,4347.4,20.44,General,Entregado,2023-02-01
40.0,2023-01-29,74.0,24.0,3810.0,40.84,Frágil,Retrasado,2023-02-02
41.0,2023-01-30,20.0,23.0,4970.0,,Refrigerada,Entregado,03/02/2023
42.0,2023-01-30,47.0,,~4054.2,55.75,refrigerada,En tránsito,2023-02-04
43.0,2023-01-31,53.0,19.0,7676.4,13.43,PELIGROSA,Entregado,
44.0,01/02/2023,53.0,42.0,6607.8,,Peligrosa,Entregado,05/02/2023
45.0,2023-02-02,1.0,3.0,~7691.3,10.37,Frágil,Devuelto,06/02/2023
46.0,2023-02-02,2.0,27.0,10094.0,46.32,General,Entregado,07/02/2023
,03/02/2023,58.0,3.0,5813.1,13.48,refrigerada,Entregado,07/02/2023
48.0,2023-02-04,19.0,28.0,3777.1,4.94,  Peligrosa  ,Entregado,2023-02-08
,2023-02-05,62.0,17.0,2501.3,52.51,refrigerada,Retrasado,2023-02-09
50.0,2023-02-05,78.0,31.0,5248.6,51.54,Perecible,En tránsito,10/02/2023
51.0,2023-02-06,72.0,10.0,11129.7,24.27,Refrigerada,,10/02/2023
52.0,2023-02-07,12.0,49.0,,42.17,General,Retrasado,11/02/2023
53.0,2023-02-07,26.0,22.0,10006.9,33.47,General,Entregado,2023-02-12
54.0,08/02/2023,27.0,30.0,3518.1,51.19,Refrigerada,Entregado,2023-02-13
,09/02/2023,29.0,49.0,8825.4,18.97,,,2023-02-13
56.0,2023-02-10,15.0,21.0,8564.6,31.47,General,Retrasado,14/02/2023
57.0,,46.0,36.0,$7269.2,29.17,Peligrosa,En tránsito,15/02/2023
58.0,2023-02-11,1.0,53.0,8254.2,21.3,  Refrigerada  ,Entregado,2023-02-15
59.0,2023-02-12,60.0,23.0,7381.9,53.5,Perecible,Entregado,16/02/2023
60.0,13/02/2023,57.0,38.0,8486.2,10.04,Peligrosa,Entregado,2023-02-17
61.0,13/02/2023,3.0,12.0,10735.4,9.06,Refrigerada,En tránsito,2023-02-18
62.0,14/02/2023,18.0,,1653.3,34.66,Perecible,Entregado,18/02/2023
63.0,2023-02-15,52.0,54.0,11246.9,39.48,Peligrosa,Entregado,2023-02-19
64.0,16/02/2023,60.0,57.0,2046.9,11.76,General,Entregado,2023-02-20
65.0,16/02/2023,34.0,20.0,1008.8,23.5,REFRIGERADA,En tránsito,21/02/2023
66.0,2023-02-17,60.0,49.0,14641.4,56.8,Refrigerada,En tránsito,2023-02-21
67.0,18/02/2023,26.0,49.0,14355.3,14.87,General,Entregado,22/02/2023
68.0,18/02/2023,72.0,42.0,915.9,40.13,Frágil,En tránsito,2023-02-23
69.0,19/02/2023,19.0,7.0,6654.4,44.43,Peligrosa,En tránsito,24/02/2023
70.0,2023-02-20,22.0,29.0,$2801.8,26.94,General,Devuelto,2023-02-24
71.0,21/02/2023,33.0,48.0,7285.3,56.26,  Refrigerada  ,Entregado,2023-02-25
72.0,2023-02-21,38.0,29.0,12454.4,44.23,Peligrosa,,26/02/2023
73.0,2023-02-22,35.0,13.0,14259.7,27.53,Peligrosa,Entregado,2023-02-27
74.0,23/02/2023,67.0,3.0,9517.4,34.2,Frágil,Entregado,27/02/2023
75.0,2023-02-24,10.0,,5315.0,41.59,Refrigerada,Retrasado,2023-02-28
76.0,2023-02-24,15.0,16.0,9053.9,35.57,Perecible,Entregado,01/03/2023
77.0,2023-02-25,11.0,30.0,,52.73,Frágil,,2023-03-01
78.0,26/02/2023,24.0,38.0,13648.3,21.48,FRÁGIL,Entregado,2023-03-02
79.0,26/02/2023,77.0,6.0,13057.3,18.06,  Perecible  ,Entregado,03/03/2023
80.0,2023-02-27,4.0,45.0,8377.9,12.91,Perecible,Entregado,2023-03-04
81.0,28/02/2023,13.0,7.0,4878.7,2.36,  Frágil  ,Entregado,2023-03-04
82.0,2023-03-01,73.0,5.0,4407.9,2.68,  Peligrosa  ,Retrasado,2023-03-05
83.0,2023-03-01,57.0,56.0,510.9,52.22,GENERAL,Retrasado,06/03/2023
84.0,02/03/2023,37.0,7.0,12239.2,40.74,General,Entregado,07/03/2023
85.0,2023-03-03,48.0,34.0,338060.0,39.67,Frágil,En tránsito,2023-03-07
86.0,04/03/2023,,32.0,4883.7,36.92,Peligrosa,Cancelado,2023-03-08
,2023-03-04,1.0,49.0,7071.9,,Perecible,Entregado,2023-03-09
88.0,05/03/2023,60.0,13.0,12282.9,28.87,Frágil,Entregado,2023-03-10
89.0,2023-03-06,12.0,30.0,1878.0,52.24,Refrigerada,Retrasado,10/03/2023
90.0,2023-03-07,21.0,25.0,12866.3,21.63,Peligrosa,En tránsito,11/03/2023
91.0,07/03/2023,,,$13463.7,55.61,Refrigerada,Entregado,2023-03-12
92.0,08/03/2023,44.0,60.0,14201.2,41.95,Refrigerada,Entregado,2023-03-13
93.0,09/03/2023,58.0,59.0,5968.3,15.5,Frágil,En tránsito,13/03/2023
94.0,2023-03-09,44.0,21.0,3264.9,33.89,Peligrosa,Devuelto,2023-03-14
95.0,2023-03-10,78.0,28.0,5610.9,32.03,REFRIGERADA,Entregado,2023-03-15
,,34.0,48.0,5000.4,8.36,Peligrosa,Devuelto,15/03/2023
97.0,2023-03-12,,58.0,2650.5,35.52,General,Entregado,16/03/2023
98.0,2023-03-12,4.0,20.0,9112.9,18.96,,Entregado,17/03/2023
99.0,2023-03-13,,34.0,357730.0,3.24,  Refrigerada  ,Entregado,18/03/2023
100.0,2023-03-14,16.0,5.0,12986.9,56.92,Peligrosa,En tránsito,2023-03-18
,15/03/2023,10.0,18.0,24565.0,38.53,General,Entregado,19/03/2023
102.0,15/03/2023,,60.0,9661.6,52.63,Refrigerada,Entregado,20/03/2023
103.0,2023-03-16,35.0,39.0,,40.6,Frágil,Cancelado,21/03/2023
104.0,17/03/2023,6.0,,11394.7,21.48,Peligrosa,Devuelto,21/03/2023
105.0,2023-03-17,19.0,57.0,13292.2,30.81,Peligrosa,Entregado,2023-03-22
106.0,18/03/2023,59.0,57.0,,40.58,Refrigerada,Entregado,
107.0,19/03/2023,53.0,11.0,13917.9,57.62,General,,24/03/2023
108.0,2023-03-20,8.0,54.0,4996.5,,Refrigerada,En tránsito,24/03/2023
109.0,20/03/2023,,17.0,7553.1,52.51,Perecible,Entregado,2023-03-25
110.0,21/03/2023,,48.0,221.1,55.45,Refrigerada,Cancelado,26/03/2023
111.0,2023-03-22,67.0,45.0,114.3,40.26,perecible,Entregado,27/03/2023
,23/03/2023,38.0,22.0,3609.5,55.88,FRÁGIL,En tránsito,2023-03-27
113.0,2023-03-23,29.0,37.0,1521.1,23.93,Peligrosa,Entregado,2023-03-28
,24/03/2023,15.0,20.0,3910.6,57.19,Peligrosa,,29/03/2023
115.0,2023-03-25,23.0,48.0,2663.9,42.2,General,Entregado,29/03/2023
116.0,2023-03-26,46.0,60.0,,2.62,Refrigerada,En tránsito,30/03/2023
117.0,2023-03-26,28.0,54.0,13640.5,54.42,Frágil,Devuelto,2023-03-31
118.0,,26.0,,133.3,29.12,Perecible,Entregado,2023-04-01
119.0,28/03/2023,10.0,48.0,11043.9,27.67,General,En tránsito,01/04/2023
120.0,2023-03-28,47.0,48.0,2290.7,34.03,Frágil,Entregado,02/04/2023
121.0,29/03/2023,4.0,46.0,13684.3,,Frágil,Cancelado,03/04/2023
122.0,30/03/2023,55.0,6.0,~13393.0,28.2,Perecible,Devuelto,04/04/2023
123.0,,,34.0,490600.0,49.88,Perecible,Retrasado,04/04/2023
124.0,2023-03-31,67.0,14.0,10086.8,1.03,,En tránsito,05/04/2023
125.0,01/04/2023,7.0,48.0,90.0,16.45,REFRIGERADA,Devuelto,
,2023-04-02,55.0,23.0,14773.2,0.25,General,Entregado,2023-04-07
127.0,03/04/2023,80.0,20.0,13168.7,25.0,Refrigerada,Entregado,2023-04-07
128.0,03/04/2023,31.0,13.0,13427.6,43.73,General,En tránsito,2023-04-08
129.0,04/04/2023,74.0,47.0,~9892.1,47.95,,Entregado,2023-04-09
130.0,2023-04-05,19.0,44.0,5178.4 aprox,56.72,Perecible,Retrasado,10/04/2023
131.0,2023-04-05,28.0,41.0,13405.8,36.55,Perecible,En tránsito,10/04/2023
132.0,2023-04-06,28.0,32.0,4379.8,15.35,,Entregado,2023-04-11
133.0,07/04/2023,19.0,26.0,8445.0,55.46,  Frágil  ,Entregado,12/04/2023
134.0,2023-04-08,20.0,50.0,1505.0,46.54,General,Entregado,2023-04-12
135.0,08/04/2023,13.0,53.0,13830.1,34.51,Frágil,En tránsito,2023-04-13
136.0,09/04/2023,77.0,14.0,2120.1,41.77,General,Entregado,14/04/2023
137.0,2023-04-10,43.0,52.0,3381.2,55.47,Refrigerada,Entregado,15/04/2023
138.0,11/04/2023,11.0,57.0,8376.4,42.77,Perecible,En tránsito,15/04/2023
139.0,2023-04-11,48.0,36.0,11463.8,22.17,Perecible,Cancelado,2023-04-16
140.0,2023-04-12,15.0,,9294.1,42.81,Perecible,Cancelado,2023-04-17
141.0,2023-04-13,17.0,40.0,3489.7,2.51,Refrigerada,Devuelto,18/04/2023
142.0,2023-04-14,54.0,,24.1,,Refrigerada,Retrasado,18/04/2023
143.0,,50.0,22.0,11359.7,24.44,Peligrosa,Entregado,2023-04-19
144.0,15/04/2023,28.0,16.0,14778.3,10.09,General,Cancelado,20/04/2023
145.0,2023-04-16,4.0,27.0,12150.6,1.48,GENERAL,Entregado,21/04/2023
,16/04/2023,22.0,56.0,6908.5,8.09,Peligrosa,Retrasado,21/04/2023
147.0,17/04/2023,39.0,,13557.5,39.31,Perecible,En tránsito,2023-04-22
148.0,2023-04-18,34.0,60.0,6153.6,48.16,General,Retrasado,2023-04-23
149.0,2023-04-19,44.0,10.0,$7878.8,59.29,  General  ,Entregado,2023-04-24
150.0,19/04/2023,42.0,25.0,7162.2,20.85,Perecible,Entregado,24/04/2023
151.0,2023-04-20,40.0,31.0,~6719.9,36.0,Frágil,,2023-04-25
,2023-04-21,12.0,21.0,11630.1,56.23,,Entregado,2023-04-26
153.0,2023-04-22,2.0,27.0,7906.3,10.11,Peligrosa,Devuelto,26/04/2023
154.0,22/04/2023,28.0,17.0,4757.6,43.09,Refrigerada,En tránsito,2023-04-27
155.0,2023-04-23,74.0,33.0,~3879.8,45.32,,En tránsito,2023-04-28
156.0,24/04/2023,67.0,31.0,575.8,5.43,GENERAL,Cancelado,29/04/2023
157.0,24/04/2023,71.0,50.0,8752.1,51.69,PELIGROSA,En tránsito,2023-04-29
158.0,25/04/2023,72.0,42.0,3457.1,48.8,Peligrosa,Entregado,30/04/2023
159.0,,76.0,26.0,2230.5,2.1,General,Entregado,01/05/2023
160.0,27/04/2023,10.0,21.0,9810.9,5.56,Perecible,En tránsito,02/05/2023
161.0,2023-04-27,57.0,36.0,10221.3,3.04,Perecible,Cancelado,02/05/2023
162.0,28/04/2023,37.0,1.0,11284.8,20.15,  Refrigerada  ,Retrasado,03/05/2023
163.0,2023-04-29,77.0,4.0,7558.6,,General,Devuelto,04/05/2023
164.0,30/04/2023,64.0,4.0,13411.9,31.99,General,Entregado,05/05/2023
165.0,30/04/2023,79.0,26.0,14045.8,16.13,  General  ,Entregado,05/05/2023
166.0,01/05/2023,40.0,4.0,~12112.5,54.7,  General  ,Entregado,2023-05-06
167.0,2023-05-02,60.0,49.0,9537.5,22.16,Peligrosa,Retrasado,2023-05-07
168.0,2023-05-03,48.0,9.0,4562.8,2.83,Frágil,Entregado,08/05/2023
169.0,2023-05-03,19.0,30.0,,18.08,General,Entregado,08/05/2023
170.0,04/05/2023,72.0,,4119.3,31.91,  Frágil  ,En tránsito,09/05/2023
171.0,2023-05-05,,45.0,3047.8,24.55,PERECIBLE,Entregado,10/05/2023
172.0,2023-05-05,,4.0,6637.9,16.5,  Refrigerada  ,Retrasado,10/05/2023
173.0,2023-05-06,37.0,5.0,862.0,7.97,Perecible,Entregado,2023-05-11
174.0,2023-05-07,36.0,45.0,14677.6,49.17,General,Entregado,2023-05-12
,08/05/2023,21.0,23.0,8830.6,,Perecible,Entregado,
176.0,2023-05-08,2.0,,8358.7,19.84,Peligrosa,Cancelado,13/05/2023
177.0,2023-05-09,31.0,22.0,9840.4,22.96,Frágil,Entregado,2023-05-14
178.0,10/05/2023,30.0,37.0,7460.4,37.12,,Entregado,2023-05-15
179.0,11/05/2023,76.0,8.0,490.6,43.13,Peligrosa,Entregado,16/05/2023
180.0,11/05/2023,44.0,48.0,,23.58,  Frágil  ,Entregado,16/05/2023
181.0,12/05/2023,12.0,33.0,,54.31,Peligrosa,Cancelado,2023-05-17
182.0,2023-05-13,51.0,55.0,6257.1,33.64,Perecible,Entregado,2023-05-18
183.0,2023-05-13,49.0,60.0,11361.9,27.08,General,Cancelado,19/05/2023
184.0,14/05/2023,24.0,38.0,3412.7,38.84,Perecible,Entregado,2023-05-19
185.0,15/05/2023,24.0,43.0,,,Refrigerada,Cancelado,2023-05-20
186.0,16/05/2023,60.0,16.0,2429.6,47.69,General,Retrasado,2023-05-21
187.0,16/05/2023,11.0,5.0,5586.2,2.5,Perecible,En tránsito,22/05/2023
188.0,17/05/2023,13.0,16.0,12706.7,20.01,  General  ,En tránsito,22/05/2023
189.0,2023-05-18,72.0,7.0,12420.4,28.29,FRÁGIL,Entregado,23/05/2023
190.0,19/05/2023,,51.0,287425.0,18.94,General,En tránsito,2023-05-24
191.0,19/05/2023,72.0,1.0,8840.9,42.04,GENERAL,Entregado,2023-05-24
192.0,2023-05-20,64.0,,,49.59,Frágil,Entregado,2023-05-25
193.0,,20.0,18.0,3625.7,43.91,Perecible,,2023-05-26
194.0,22/05/2023,72.0,45.0,2530.4,59.36,,Entregado,2023-05-27
195.0,2023-05-22,73.0,58.0,14581.7,16.43,Peligrosa,Retrasado,27/05/2023
196.0,23/05/2023,71.0,47.0,9267.2,52.51,GENERAL,Entregado,2023-05-28
197.0,2023-05-24,78.0,3.0,14721.4,46.02,Perecible,En tránsito,29/05/2023
,2023-05-24,28.0,24.0,5073.0,21.79,,Cancelado,30/05/2023
199.0,2023-05-25,2.0,28.0,,44.07,,En tránsito,2023-05-30
200.0,26/05/2023,43.0,10.0,3346.8,6.33,Refrigerada,En tránsito,2023-05-31
201.0,2023-05-27,8.0,9.0,3925.4,47.38,General,Retrasado,01/06/2023
202.0,2023-05-27,13.0,13.0,7683.4,31.99,General,Cancelado,2023-06-02
203.0,2023-05-28,35.0,,,17.61,Frágil,Entregado,02/06/2023
204.0,2023-05-29,23.0,35.0,2522.6,39.38,General,En tránsito,03/06/2023
205.0,30/05/2023,46.0,54.0,,38.53,Peligrosa,Entregado,2023-06-04
206.0,30/05/2023,15.0,23.0,545.9,12.65,Peligrosa,,2023-06-05
207.0,31/05/2023,2.0,47.0,10569.3,1.92,Perecible,Entregado,2023-06-05
208.0,01/06/2023,61.0,17.0,7386.8,26.07,,Entregado,06/06/2023
209.0,,76.0,46.0,1422.7,34.21,Refrigerada,En tránsito,07/06/2023
210.0,02/06/2023,64.0,7.0,2583.7,52.61,Perecible,Cancelado,2023-06-07
211.0,03/06/2023,52.0,52.0,1547.0,55.7,FRÁGIL,Retrasado,08/06/2023
212.0,2023-06-04,36.0,16.0,9192.8,31.78,Frágil,En tránsito,09/06/2023
213.0,2023-06-04,67.0,53.0,1422.2,45.25,Perecible,Entregado,2023-06-10
214.0,2023-06-05,69.0,40.0,11316.7,26.41,  Perecible  ,Entregado,
215.0,06/06/2023,67.0,36.0,317.5,44.79,General,Entregado,11/06/2023
216.0,07/06/2023,47.0,20.0,3748.1,12.37,,En tránsito,2023-06-12
217.0,2023-06-07,2.0,24.0,13361.1,22.33,Peligrosa,Entregado,2023-06-13
218.0,2023-06-08,44.0,47.0,10780.8,38.09,General,En tránsito,2023-06-13
219.0,2023-06-09,64.0,5.0,1103.8,1.19,  Frágil  ,,14/06/2023
220.0,10/06/2023,78.0,45.0,12318.7,43.38,Refrigerada,Retrasado,2023-06-15
221.0,10/06/2023,28.0,6.0,7400.6,50.15,Refrigerada,Retrasado,2023-06-16
222.0,11/06/2023,54.0,28.0,12703.3,,Perecible,En tránsito,16/06/2023
223.0,12/06/2023,74.0,59.0,9015.1,26.93,Refrigerada,Entregado,2023-06-17
224.0,2023-06-12,67.0,5.0,10230.7,51.09,Refrigerada,Entregado,18/06/2023
225.0,,36.0,49.0,14902.6,,Frágil,Retrasado,2023-06-19
226.0,2023-06-14,63.0,39.0,3492.7,17.36,General,En tránsito,19/06/2023
227.0,15/06/2023,25.0,38.0,9362.9,19.51,Refrigerada,En tránsito,20/06/2023
228.0,2023-06-15,48.0,2.0,6910.2,40.76,Perecible,Entregado,2023-06-21
229.0,16/06/2023,39.0,43.0,601.4,33.84,General,En tránsito,21/06/2023
230.0,2023-06-17,47.0,39.0,226.9,9.82,  Perecible  ,Entregado,2023-06-22
231.0,2023-06-18,21.0,54.0,1797.2,18.66,Refrigerada,Entregado,2023-06-23
232.0,,,21.0,9739.9,54.01,General,Entregado,2023-06-24
233.0,2023-06-19,31.0,40.0,~8511.8,41.32,Refrigerada,Entregado,24/06/2023
234.0,2023-06-20,26.0,37.0,8305.9,59.16,FRÁGIL,Entregado,2023-06-25
235.0,20/06/2023,22.0,59.0,487.5,46.04,General,Entregado,26/06/2023
236.0,21/06/2023,21.0,18.0,7044.9 aprox,56.52,PERECIBLE,Retrasado,27/06/2023
237.0,2023-06-22,1.0,54.0,13870.1,13.05,Frágil,En tránsito,27/06/2023
238.0,23/06/2023,37.0,48.0,5969.9,46.31,Peligrosa,En tránsito,28/06/2023
239.0,23/06/2023,77.0,46.0,9377.6,1.31,Perecible,Entregado,2023-06-29
240.0,2023-06-24,46.0,12.0,11699.5,40.28,Refrigerada,Devuelto,30/06/2023
241.0,2023-06-25,9.0,17.0,11761.0,28.21,Perecible,Entregado,30/06/2023
242.0,26/06/2023,17.0,37.0,7794.0,20.87,Peligrosa,Entregado,01/07/2023
,26/06/2023,47.0,46.0,12870.7 aprox,51.76,PERECIBLE,En tránsito,02/07/2023
244.0,2023-06-27,59.0,38.0,5876.8,51.27,Frágil,Entregado,2023-07-03
245.0,,54.0,15.0,-66657.5,1.44,Perecible,En tránsito,2023-07-03
246.0,2023-06-29,12.0,7.0,3611.0,36.61,General,En tránsito,2023-07-04
,2023-06-29,64.0,14.0,4210.4,22.13,Peligrosa,,05/07/2023
,30/06/2023,6.0,50.0,806.3,25.0,Perecible,Cancelado,
249.0,01/07/2023,53.0,1.0,11935.8,49.94,Peligrosa,Cancelado,06/07/2023
250.0,01/07/2023,16.0,38.0,6261.7,18.66,Frágil,Entregado,07/07/2023
251.0,02/07/2023,5.0,3.0,3444.5,56.59,General,Cancelado,2023-07-08
252.0,2023-07-03,73.0,37.0,3484.5,10.86,  Refrigerada  ,Entregado,2023-07-08
253.0,04/07/2023,46.0,44.0,13522.0,39.8,  Perecible  ,En tránsito,2023-07-09
254.0,2023-07-04,14.0,,12510.4,40.36,Frágil,Retrasado,10/07/2023
255.0,2023-07-05,44.0,43.0,8307.4,15.21,,Entregado,11/07/2023
256.0,2023-07-06,63.0,13.0,9245.5,19.55,Peligrosa,En tránsito,11/07/2023
257.0,07/07/2023,,48.0,7120.1,50.1,Frágil,Entregado,12/07/2023
258.0,07/07/2023,26.0,18.0,5881.1,45.73,  Perecible  ,Entregado,13/07/2023
259.0,08/07/2023,53.0,17.0,13733.0,19.81,Refrigerada,Cancelado,14/07/2023
260.0,2023-07-09,29.0,17.0,1892.9,,,Entregado,14/07/2023
261.0,2023-07-09,19.0,11.0,6282.5,3.79,General,Entregado,15/07/2023
262.0,10/07/2023,47.0,20.0,5175.0,12.6,Perecible,Entregado,16/07/2023
263.0,11/07/2023,8.0,10.0,7477.3,29.2,General,Cancelado,17/07/2023
264.0,2023-07-12,23.0,29.0,~6869.9,5.25,  Peligrosa  ,Entregado,17/07/2023
265.0,12/07/2023,35.0,48.0,7788.2,50.62,General,Entregado,2023-07-18
,2023-07-13,53.0,34.0,2107.4,43.11,  Refrigerada  ,Cancelado,19/07/2023
267.0,14/07/2023,58.0,17.0,7702.0,56.62,Frágil,,2023-07-19
268.0,2023-07-15,5.0,54.0,3643.9,41.64,general,Entregado,20/07/2023
269.0,2023-07-15,16.0,52.0,2773.1,56.43,perecible,Retrasado,21/07/2023
270.0,2023-07-16,17.0,42.0,981.9,33.32,General,En tránsito,2023-07-22
271.0,2023-07-17,32.0,13.0,,36.05,Peligrosa,Retrasado,22/07/2023
272.0,,52.0,44.0,6417.4,58.62,GENERAL,Entregado,2023-07-23
273.0,18/07/2023,20.0,47.0,9403.4,38.56,Refrigerada,Cancelado,2023-07-24
274.0,19/07/2023,66.0,39.0,10916.6,1.94,General,Cancelado,25/07/2023
275.0,2023-07-20,1.0,27.0,,43.46,  Refrigerada  ,Entregado,2023-07-25
276.0,2023-07-20,58.0,54.0,~7062.8,54.34,Perecible,Entregado,26/07/2023
277.0,,,53.0,5824.6,47.76,Peligrosa,Devuelto,2023-07-27
278.0,22/07/2023,6.0,26.0,5645.6,35.07,Frágil,Entregado,2023-07-28
279.0,2023-07-23,50.0,28.0,9604.3,40.31,perecible,En tránsito,28/07/2023
280.0,23/07/2023,72.0,13.0,7427.0,,Perecible,En tránsito,2023-07-29
281.0,2023-07-24,20.0,12.0,12738.5,5.53,Frágil,Retrasado,30/07/2023
282.0,,14.0,44.0,13121.8,,,Retrasado,31/07/2023
283.0,2023-07-26,5.0,,2566.7,17.08,  General  ,Entregado,2023-07-31
284.0,2023-07-26,41.0,2.0,2052.1,38.44,  General  ,Entregado,01/08/2023
285.0,,40.0,37.0,9459.7,36.5,,Cancelado,02/08/2023
286.0,2023-07-28,34.0,57.0,4525.4,9.29,Perecible,Retrasado,2023-08-02
287.0,2023-07-28,80.0,57.0,288.4,12.48,REFRIGERADA,En tránsito,2023-08-03
288.0,2023-07-29,45.0,34.0,13330.8,37.34,Frágil,Devuelto,04/08/2023
289.0,30/07/2023,71.0,23.0,3411.2,7.78,Perecible,Retrasado,2023-08-05
290.0,,80.0,58.0,,15.98,General,Entregado,2023-08-05
291.0,2023-07-31,71.0,52.0,10764.3,50.13,Frágil,,2023-08-06
,2023-08-01,,45.0,11442.2 aprox,19.69,Refrigerada,Entregado,07/08/2023
293.0,02/08/2023,78.0,29.0,3029.9,29.33,Perecible,Entregado,2023-08-08
294.0,03/08/2023,78.0,35.0,3520.6,56.47,Perecible,Entregado,2023-08-08
295.0,03/08/2023,44.0,11.0,7823.8,13.71,Peligrosa,Retrasado,2023-08-09
296.0,,33.0,48.0,2589.8,23.44,Perecible,Devuelto,2023-08-10
297.0,,33.0,33.0,4588.4,36.43,Perecible,Entregado,2023-08-11
298.0,2023-08-06,44.0,,4828.7,45.34,Refrigerada,Entregado,2023-08-11
299.0,2023-08-06,20.0,11.0,2402.9,54.11,Refrigerada,En tránsito,2023-08-12
300.0,07/08/2023,36.0,9.0,3085.7,54.94,Frágil,Retrasado,2023-08-13
301.0,2023-08-08,7.0,14.0,11830.4,46.62,General,Retrasado,
302.0,08/08/2023,32.0,9.0,-12581.5,13.78,refrigerada,En tránsito,2023-08-14
303.0,2023-08-09,67.0,39.0,436.6 aprox,1.59,  Frágil  ,En tránsito,2023-08-15
304.0,10/08/2023,39.0,48.0,9444.0,23.09,PERECIBLE,Entregado,16/08/2023
305.0,2023-08-11,24.0,,14640.0,8.58,FRÁGIL,,2023-08-16
306.0,11/08/2023,70.0,29.0,4974.9,42.65,Frágil,Entregado,2023-08-17
307.0,2023-08-12,54.0,19.0,1788.6,39.7,Frágil,Cancelado,2023-08-18
308.0,2023-08-13,38.0,36.0,8560.1,2.73,,Entregado,2023-08-19
309.0,14/08/2023,74.0,32.0,,,  Refrigerada  ,En tránsito,2023-08-19
310.0,2023-08-14,80.0,7.0,~11763.1,15.0,General,Entregado,2023-08-20
311.0,15/08/2023,75.0,55.0,9341.5,25.99,Frágil,,2023-08-21
312.0,2023-08-16,32.0,28.0,4732.7,40.11,Peligrosa,Entregado,2023-08-22
313.0,,45.0,44.0,8132.8 aprox,25.82,Perecible,Entregado,22/08/2023
,2023-08-17,61.0,18.0,1377.8,26.53,PERECIBLE,Entregado,2023-08-23
315.0,2023-08-18,70.0,60.0,10187.4,4.03,PERECIBLE,Retrasado,2023-08-24
316.0,2023-08-19,53.0,5.0,10879.2,24.15,Perecible,Entregado,25/08/2023
317.0,19/08/2023,51.0,,14475.8,45.91,Perecible,Retrasado,25/08/2023
318.0,2023-08-20,76.0,55.0,3913.4,54.92,Frágil,Entregado,2023-08-26
319.0,2023-08-21,56.0,22.0,286.7,24.87,General,En tránsito,27/08/2023
320.0,2023-08-22,27.0,26.0,8188.7,25.47,Peligrosa,En tránsito,2023-08-28
321.0,22/08/2023,38.0,42.0,10604.8,42.19,Refrigerada,Devuelto,2023-08-28
322.0,2023-08-23,62.0,12.0,11858.2,56.57,Peligrosa,Entregado,2023-08-29
323.0,24/08/2023,18.0,40.0,2914.1,16.1,Refrigerada,Entregado,2023-08-30
324.0,25/08/2023,64.0,19.0,3933.7,26.46,Refrigerada,Cancelado,2023-08-30
325.0,2023-08-25,77.0,47.0,7693.7,47.78,peligrosa,Entregado,2023-08-31
326.0,26/08/2023,30.0,1.0,4965.7,,Frágil,Retrasado,2023-09-01
,2023-08-27,,3.0,12909.1,6.72,Perecible,Entregado,2023-09-02
328.0,27/08/2023,41.0,27.0,7111.7,37.7,Frágil,En tránsito,02/09/2023
329.0,28/08/2023,13.0,18.0,11995.7 aprox,11.29,  Perecible  ,Entregado,2023-09-03
330.0,2023-08-29,34.0,50.0,8713.5,30.66,General,,04/09/2023
331.0,30/08/2023,25.0,30.0,11598.6,31.79,,En tránsito,05/09/2023
332.0,30/08/2023,66.0,2.0,4996.8,52.58,Peligrosa,Entregado,2023-09-05
333.0,2023-08-31,18.0,5.0,12472.9,27.8,General,Entregado,06/09/2023
334.0,01/09/2023,5.0,29.0,4125.8,16.84,Perecible,Entregado,07/09/2023
335.0,02/09/2023,19.0,33.0,8196.0,13.93,  Frágil  ,Retrasado,2023-09-08
336.0,2023-09-02,42.0,42.0,3218.0,52.47,Peligrosa,Entregado,2023-09-08
337.0,03/09/2023,18.0,20.0,7138.1,10.34,Refrigerada,Entregado,2023-09-09
338.0,04/09/2023,32.0,30.0,4779.4,25.61,,En tránsito,10/09/2023
339.0,2023-09-04,21.0,42.0,4007.9,11.31,Refrigerada,Entregado,2023-09-11
340.0,2023-09-05,10.0,5.0,14505.1,46.42,Perecible,Entregado,11/09/2023
341.0,06/09/2023,37.0,50.0,2409.5,28.51,Refrigerada,,2023-09-12
342.0,,49.0,21.0,11812.0,21.13,  Frágil  ,Retrasado,13/09/2023
343.0,2023-09-07,13.0,58.0,14762.6,21.73,General,Devuelto,13/09/2023
344.0,2023-09-08,,15.0,308.3,51.15,General,Entregado,14/09/2023
345.0,09/09/2023,17.0,20.0,10488.4,33.27,Frágil,Retrasado,2023-09-15
346.0,2023-09-10,9.0,8.0,~3801.1,43.1,Refrigerada,Entregado,16/09/2023
347.0,2023-09-10,44.0,49.0,616.9,53.83,Frágil,Entregado,2023-09-16
348.0,2023-09-11,78.0,31.0,6049.3,54.11,Peligrosa,En tránsito,2023-09-17
349.0,12/09/2023,46.0,12.0,14028.9,19.78,Frágil,Entregado,2023-09-18
350.0,2023-09-13,8.0,21.0,186.4,57.15,Refrigerada,En tránsito,19/09/2023
351.0,2023-09-13,37.0,30.0,8822.4,1.59,Frágil,Cancelado,2023-09-19
352.0,2023-09-14,19.0,27.0,7525.9,22.67,Perecible,Cancelado,20/09/2023
353.0,2023-09-15,63.0,44.0,~13102.0,53.76,frágil,Entregado,2023-09-21
354.0,15/09/2023,46.0,26.0,1269.2,16.55,Frágil,Entregado,22/09/2023
355.0,16/09/2023,71.0,33.0,10226.1,16.46,Refrigerada,Devuelto,2023-09-22
356.0,2023-09-17,26.0,26.0,,18.23,Peligrosa,,23/09/2023
357.0,18/09/2023,46.0,26.0,10039.5,36.78,PELIGROSA,En tránsito,
358.0,2023-09-18,46.0,36.0,14135.6,26.36,Refrigerada,Entregado,2023-09-25
359.0,19/09/2023,75.0,40.0,12348.1,43.63,  Refrigerada  ,Entregado,2023-09-25
360.0,2023-09-20,14.0,1.0,639.2,53.71,Refrigerada,Entregado,26/09/2023
361.0,2023-09-21,63.0,59.0,7071.5,40.48,,Cancelado,27/09/2023
362.0,21/09/2023,72.0,15.0,5975.3,12.35,General,Cancelado,
363.0,22/09/2023,3.0,50.0,4659.1,55.97,Frágil,Entregado,2023-09-28
364.0,23/09/2023,28.0,1.0,6775.5,15.94,Refrigerada,Retrasado,29/09/2023
365.0,2023-09-23,29.0,11.0,5769.1,9.08,Refrigerada,Entregado,30/09/2023
366.0,24/09/2023,18.0,55.0,6490.7,5.49,Refrigerada,,2023-09-30
367.0,2023-09-25,35.0,,14689.1,33.85,Peligrosa,Retrasado,2023-10-01
368.0,2023-09-26,77.0,1.0,1338.6,6.91,Refrigerada,En tránsito,2023-10-02
369.0,2023-09-26,76.0,,13834.2,8.41,Frágil,Entregado,2023-10-03
370.0,27/09/2023,47.0,44.0,7208.7,18.07,Refrigerada,Entregado,03/10/2023
371.0,28/09/2023,5.0,16.0,9359.9,16.97,Frágil,Devuelto,2023-10-04
372.0,29/09/2023,75.0,54.0,12454.4,36.29,Perecible,Cancelado,2023-10-05
373.0,2023-09-29,59.0,22.0,5413.3,49.02,General,Retrasado,06/10/2023
374.0,2023-09-30,75.0,42.0,6462.0,45.7,Peligrosa,Entregado,06/10/2023
375.0,01/10/2023,59.0,18.0,6148.7,15.82,  Frágil  ,Retrasado,2023-10-07
376.0,2023-10-02,47.0,47.0,5627.2,14.79,Perecible,Entregado,08/10/2023
377.0,2023-10-02,13.0,17.0,,57.95,General,Devuelto,2023-10-09
378.0,2023-10-03,78.0,30.0,621785.0,0.59,  General  ,Entregado,2023-10-09
379.0,2023-10-04,33.0,10.0,1643.9,52.8,General,Entregado,10/10/2023
380.0,2023-10-04,62.0,35.0,1630.8,12.06,Frágil,Entregado,2023-10-11
381.0,05/10/2023,,58.0,6423.8,56.84,Perecible,Retrasado,2023-10-11
382.0,06/10/2023,16.0,21.0,1488.9,20.6,Refrigerada,Retrasado,12/10/2023
383.0,,,16.0,9290.2,26.48,Perecible,Entregado,2023-10-13
384.0,07/10/2023,58.0,6.0,2163.9,42.46,Perecible,En tránsito,2023-10-14
385.0,2023-10-08,6.0,3.0,7840.4,,,Retrasado,14/10/2023
386.0,2023-10-09,15.0,41.0,118.2,19.14,  Frágil  ,Entregado,2023-10-15
387.0,10/10/2023,4.0,43.0,4755.8,33.27,Frágil,Retrasado,16/10/2023
388.0,2023-10-10,56.0,21.0,10161.1,43.87,Frágil,Cancelado,17/10/2023
389.0,2023-10-11,64.0,13.0,7265.7,2.64,  Perecible  ,Entregado,2023-10-17
390.0,12/10/2023,68.0,18.0,14674.3,0.77,frágil,Entregado,2023-10-18
391.0,12/10/2023,34.0,58.0,13112.8,27.54,General,Entregado,19/10/2023
392.0,13/10/2023,56.0,54.0,5392.5,8.0,Frágil,Entregado,20/10/2023
393.0,14/10/2023,32.0,60.0,6918.0,39.89,PELIGROSA,Entregado,2023-10-20
394.0,2023-10-15,9.0,24.0,12685.9,12.92,Frágil,Retrasado,21/10/2023
395.0,15/10/2023,63.0,27.0,,26.03,Frágil,,22/10/2023
396.0,16/10/2023,72.0,54.0,12311.2,11.94,Frágil,Entregado,23/10/2023
397.0,2023-10-17,78.0,4.0,1928.0,32.95,Frágil,En tránsito,23/10/2023
398.0,2023-10-18,33.0,22.0,14968.7,7.05,  Peligrosa  ,En tránsito,24/10/2023
399.0,18/10/2023,21.0,24.0,3886.2,1.48,Refrigerada,Cancelado,25/10/2023
400.0,19/10/2023,55.0,40.0,10865.8,3.16,Frágil,Entregado,2023-10-25
401.0,,76.0,45.0,13621.4,57.26,,En tránsito,2023-10-26
402.0,21/10/2023,57.0,10.0,3542.9,8.62,,Cancelado,27/10/2023
403.0,2023-10-21,2.0,2.0,,42.54,REFRIGERADA,En tránsito,28/10/2023
404.0,2023-10-22,13.0,40.0,4649.1,4.17,Frágil,Entregado,28/10/2023
405.0,2023-10-23,4.0,6.0,14646.4,6.58,  Refrigerada  ,Entregado,2023-10-29
406.0,23/10/2023,50.0,48.0,4226.1,30.58,GENERAL,Cancelado,30/10/2023
407.0,2023-10-24,48.0,18.0,14302.0,27.95,Peligrosa,Entregado,31/10/2023
408.0,25/10/2023,78.0,17.0,812.6,57.1,Peligrosa,Cancelado,2023-10-31
409.0,2023-10-26,30.0,38.0,10642.0,56.7,Refrigerada,Retrasado,2023-11-01
410.0,,29.0,45.0,7986.3,46.8,Frágil,Entregado,02/11/2023
411.0,2023-10-27,8.0,23.0,7173.4,36.17,Perecible,En tránsito,03/11/2023
412.0,2023-10-28,12.0,46.0,3360.2,27.35,Peligrosa,Entregado,2023-11-03
413.0,2023-10-29,41.0,30.0,10586.9,,PERECIBLE,Entregado,2023-11-04
414.0,2023-10-29,26.0,58.0,2870.2,56.83,peligrosa,Retrasado,05/11/2023
415.0,2023-10-30,50.0,21.0,8297.1,36.21,Frágil,En tránsito,2023-11-06
416.0,31/10/2023,2.0,10.0,3806.1,34.79,Frágil,Entregado,2023-11-06
417.0,2023-10-31,55.0,56.0,14334.8,13.99,Peligrosa,Retrasado,2023-11-07
418.0,01/11/2023,56.0,43.0,439.2,2.9,Refrigerada,Entregado,2023-11-08
419.0,02/11/2023,14.0,13.0,3003.9,56.72,Frágil,Entregado,08/11/2023
420.0,03/11/2023,6.0,12.0,3642.2,18.89,Frágil,Entregado,2023-11-09
421.0,2023-11-03,61.0,9.0,6216.9,26.61,General,Entregado,2023-11-10
422.0,2023-11-04,12.0,4.0,3498.6,6.97,Frágil,Devuelto,11/11/2023
423.0,2023-11-05,13.0,39.0,7375.3,50.23,General,En tránsito,2023-11-11
424.0,,19.0,24.0,13088.3,1.76,Frágil,En tránsito,12/11/2023
425.0,2023-11-06,44.0,54.0,10683.8,50.06,Frágil,En tránsito,2023-11-13
426.0,2023-11-07,59.0,34.0,8703.6,8.5,Refrigerada,Entregado,2023-11-14
427.0,08/11/2023,37.0,39.0,1344.2,53.21,Refrigerada,Entregado,
428.0,09/11/2023,25.0,41.0,10412.9,43.81,Frágil,En tránsito,2023-11-15
429.0,09/11/2023,16.0,5.0,2504.6,9.96,  Peligrosa  ,Cancelado,16/11/2023
430.0,2023-11-10,38.0,15.0,11797.6,33.99,PELIGROSA,Retrasado,17/11/2023
431.0,11/11/2023,43.0,50.0,3758.4,18.83,,Entregado,2023-11-17
432.0,11/11/2023,14.0,4.0,6261.6,10.78,Peligrosa,Entregado,2023-11-18
433.0,12/11/2023,6.0,51.0,5263.5,51.57,,Entregado,19/11/2023
434.0,2023-11-13,23.0,52.0,,24.27,REFRIGERADA,Entregado,2023-11-20
435.0,2023-11-14,60.0,58.0,1906.9,23.97,Perecible,Entregado,20/11/2023
436.0,14/11/2023,12.0,39.0,8489.0,10.28,General,En tránsito,21/11/2023
437.0,15/11/2023,13.0,58.0,$2139.5,23.05,Peligrosa,Entregado,2023-11-22
438.0,2023-11-16,6.0,8.0,10574.9,52.31,Peligrosa,,22/11/2023
439.0,17/11/2023,63.0,49.0,13577.1,,Refrigerada,Retrasado,23/11/2023
440.0,2023-11-17,,,6524.8,57.1,  Peligrosa  ,Entregado,24/11/2023
441.0,18/11/2023,50.0,24.0,7326.5,,Frágil,Retrasado,25/11/2023
442.0,19/11/2023,52.0,,13912.1,8.78,Frágil,Entregado,25/11/2023
443.0,,,28.0,7819.7,10.72,Perecible,En tránsito,2023-11-26
444.0,20/11/2023,8.0,55.0,7319.1,51.77,Perecible,,2023-11-27
445.0,2023-11-21,61.0,43.0,8679.2 aprox,23.63,PERECIBLE,En tránsito,2023-11-28
446.0,2023-11-22,8.0,27.0,10341.6,0.36,FRÁGIL,Cancelado,2023-11-28
447.0,2023-11-22,34.0,1.0,1612.2,16.5,Perecible,Entregado,
,23/11/2023,79.0,,12318.4,35.9,Perecible,En tránsito,2023-11-30
449.0,24/11/2023,60.0,17.0,6538.2,47.98,  Frágil  ,En tránsito,01/12/2023
450.0,25/11/2023,57.0,37.0,1094.5,8.09,Refrigerada,En tránsito,01/12/2023
451.0,25/11/2023,46.0,38.0,11794.9,6.72,PELIGROSA,Retrasado,2023-12-02
452.0,2023-11-26,22.0,26.0,5660.5,55.33,General,Retrasado,03/12/2023
453.0,2023-11-27,40.0,57.0,1514.5,45.09,Frágil,Retrasado,04/12/2023
454.0,28/11/2023,45.0,24.0,9510.3,35.43,Frágil,Entregado,04/12/2023
455.0,2023-11-28,55.0,39.0,13203.2,46.17,,Entregado,05/12/2023
456.0,2023-11-29,51.0,60.0,13317.4 aprox,25.79,General,En tránsito,2023-12-06
457.0,30/11/2023,5.0,21.0,14365.4,45.53,Perecible,En tránsito,06/12/2023
458.0,2023-11-30,13.0,30.0,13016.9,22.37,General,Devuelto,2023-12-07
459.0,01/12/2023,28.0,47.0,42.1,14.72,Peligrosa,Entregado,08/12/2023
460.0,2023-12-02,80.0,51.0,5709.8,43.77,  Peligrosa  ,Entregado,09/12/2023
461.0,2023-12-03,,48.0,12280.0,25.24,Peligrosa,En tránsito,09/12/2023
462.0,2023-12-03,24.0,57.0,5500.1,58.88,Peligrosa,Cancelado,2023-12-10
463.0,04/12/2023,7.0,13.0,9027.2,21.03,Peligrosa,Cancelado,11/12/2023
464.0,2023-12-05,,37.0,9098.7,,  Perecible  ,,2023-12-12
465.0,2023-12-06,37.0,3.0,5481.7,,Frágil,Entregado,12/12/2023
466.0,06/12/2023,68.0,32.0,13568.1,14.59,  General  ,Entregado,2023-12-13
467.0,07/12/2023,42.0,35.0,7553.4,47.91,Frágil,Entregado,14/12/2023
468.0,2023-12-08,5.0,19.0,6977.1,26.04,General,Devuelto,2023-12-15
469.0,08/12/2023,64.0,14.0,14962.7,55.06,  Perecible  ,Entregado,2023-12-15
,2023-12-09,50.0,48.0,7407.6,27.06,  Perecible  ,Entregado,16/12/2023
471.0,10/12/2023,15.0,22.0,2684.2,44.68,refrigerada,Entregado,17/12/2023
,2023-12-11,73.0,17.0,7700.9,28.07,  Refrigerada  ,Entregado,2023-12-18
,2023-12-11,53.0,59.0,12212.1,13.75,Perecible,Retrasado,2023-12-18
474.0,12/12/2023,25.0,4.0,11655.1,12.04,Perecible,Entregado,
475.0,2023-12-13,9.0,45.0,11830.8,25.58,GENERAL,Entregado,2023-12-20
476.0,14/12/2023,38.0,40.0,10623.3,45.35,,Devuelto,2023-12-20
477.0,2023-12-14,22.0,19.0,3820.7,36.34,Frágil,Entregado,2023-12-21
478.0,2023-12-15,,37.0,12932.6,41.35,General,Retrasado,2023-12-22
479.0,16/12/2023,68.0,2.0,13402.7,17.01,Perecible,,23/12/2023
480.0,17/12/2023,15.0,15.0,2920.3,,,En tránsito,2023-12-23
481.0,17/12/2023,65.0,2.0,1965.5,2.76,General,Entregado,24/12/2023
482.0,2023-12-18,54.0,11.0,14634.3,49.07,PELIGROSA,Entregado,25/12/2023
483.0,19/12/2023,30.0,45.0,13026.2,59.39,Refrigerada,En tránsito,2023-12-26
484.0,,20.0,23.0,13399.6,24.47,General,Entregado,2023-12-26
485.0,2023-12-20,33.0,10.0,13296.8,0.76,General,En tránsito,2023-12-27
486.0,21/12/2023,77.0,3.0,8129.9,10.27,Peligrosa,Entregado,2023-12-28
487.0,22/12/2023,7.0,5.0,9699.6 aprox,39.19,Perecible,En tránsito,2023-12-29
488.0,22/12/2023,8.0,3.0,8185.0,36.76,General,Cancelado,29/12/2023
489.0,23/12/2023,28.0,38.0,777.6,47.29,Peligrosa,Entregado,2023-12-30
490.0,2023-12-24,45.0,13.0,11185.1,15.31,Frágil,Entregado,2023-12-31
491.0,25/12/2023,73.0,42.0,7584.9,45.84,Peligrosa,Retrasado,01/01/2024
492.0,25/12/2023,80.0,19.0,,41.31,Refrigerada,En tránsito,01/01/2024
493.0,26/12/2023,74.0,40.0,7544.6,19.44,Refrigerada,Entregado,02/01/2024
494.0,2023-12-27,11.0,,7382.3,32.77,Perecible,Entregado,2024-01-03
495.0,2023-12-27,31.0,35.0,2585.1,8.92,perecible,Entregado,2024-01-03
496.0,2023-12-28,,24.0,4187.9,27.21,REFRIGERADA,Entregado,2024-01-04
497.0,29/12/2023,78.0,24.0,2391.2,52.88,Refrigerada,Cancelado,2024-01-05
498.0,2023-12-30,51.0,17.0,2943.0,25.33,general,Retrasado,2024-01-06
499.0,,44.0,40.0,14594.9,50.39,  Refrigerada  ,En tránsito,2024-01-06
500.0,2023-12-31,50.0,10.0,2305.2,35.46,Perecible,Entregado,2024-01-07
501.0,01/01/2024,17.0,,4046.4,11.59,Refrigerada,Entregado,08/01/2024
502.0,2024-01-02,35.0,44.0,$8862.9,34.91,Perecible,Cancelado,09/01/2024
,2024-01-02,1.0,23.0,9156.6,30.41,Frágil,Entregado,09/01/2024
504.0,2024-01-03,29.0,6.0,2318.1,23.98,refrigerada,Entregado,10/01/2024
505.0,04/01/2024,51.0,2.0,11907.8,7.27,Perecible,Entregado,11/01/2024
,,64.0,21.0,11780.2 aprox,25.06,  Peligrosa  ,En tránsito,12/01/2024
507.0,2024-01-05,4.0,55.0,3567.4,,General,Entregado,12/01/2024
508.0,06/01/2024,28.0,,4337.1,6.02,PERECIBLE,Entregado,2024-01-13
509.0,2024-01-07,16.0,35.0,14070.4,25.01,Refrigerada,Cancelado,2024-01-14
510.0,2024-01-07,63.0,49.0,12386.8,18.39,Refrigerada,En tránsito,2024-01-14
,2024-01-08,,29.0,10470.0,55.54,Frágil,Entregado,2024-01-15
512.0,2024-01-09,53.0,7.0,1242.7,22.6,Peligrosa,Retrasado,16/01/2024
513.0,10/01/2024,17.0,29.0,-31399.0,45.5,PERECIBLE,Entregado,2024-01-17
514.0,2024-01-10,40.0,53.0,8393.9,31.86,Peligrosa,Entregado,2024-01-17
515.0,11/01/2024,13.0,37.0,2819.3,42.27,,En tránsito,18/01/2024
516.0,2024-01-12,52.0,23.0,6728.9,,General,,2024-01-19
517.0,,58.0,33.0,9019.4,56.52,Peligrosa,Entregado,2024-01-20
518.0,2024-01-13,37.0,8.0,4917.4,31.85,FRÁGIL,Retrasado,20/01/2024
519.0,2024-01-14,79.0,12.0,11716.4,49.9,Perecible,Cancelado,2024-01-21
520.0,2024-01-15,76.0,46.0,12608.3,21.97,General,En tránsito,22/01/2024
521.0,2024-01-15,61.0,48.0,4860.9,,Refrigerada,Entregado,23/01/2024
522.0,16/01/2024,79.0,10.0,12581.5,40.46,  Frágil  ,Entregado,2024-01-23
523.0,17/01/2024,34.0,15.0,1562.6,0.56,Refrigerada,Entregado,2024-01-24
524.0,2024-01-18,70.0,53.0,12567.6,28.57,General,Entregado,2024-01-25
525.0,18/01/2024,17.0,24.0,2299.7,11.65,Frágil,Entregado,26/01/2024
526.0,19/01/2024,20.0,26.0,1253.1,37.68,Frágil,En tránsito,2024-01-26
527.0,2024-01-20,73.0,47.0,9630.2,,General,Entregado,27/01/2024
528.0,2024-01-21,59.0,42.0,7084.3,27.92,  Perecible  ,Entregado,28/01/2024
529.0,21/01/2024,,53.0,13619.3,49.07,Frágil,En tránsito,2024-01-28
530.0,2024-01-22,,60.0,5454.2,30.52,General,Entregado,2024-01-29
531.0,23/01/2024,78.0,39.0,4314.4,29.8,PELIGROSA,Devuelto,
532.0,24/01/2024,17.0,58.0,7516.0,55.83,,Entregado,31/01/2024
533.0,,57.0,3.0,6844.6,53.41,FRÁGIL,Cancelado,31/01/2024
534.0,2024-01-25,1.0,2.0,5173.0,47.17,  Peligrosa  ,Cancelado,2024-02-01
535.0,2024-01-26,13.0,6.0,,17.85,  Frágil  ,Retrasado,
536.0,26/01/2024,27.0,21.0,,32.75,Perecible,Entregado,03/02/2024
537.0,2024-01-27,70.0,9.0,12796.2,13.51,GENERAL,Cancelado,2024-02-03
538.0,28/01/2024,59.0,10.0,14593.1,26.69,Frágil,Entregado,
539.0,29/01/2024,6.0,36.0,4007.2,29.1,General,Entregado,2024-02-05
540.0,2024-01-29,23.0,,10744.2,49.92,Frágil,,2024-02-06
541.0,2024-01-30,10.0,3.0,5919.9,53.77,Perecible,Entregado,06/02/2024
542.0,31/01/2024,51.0,41.0,10159.5,24.94,Perecible,Entregado,2024-02-07
543.0,01/02/2024,19.0,24.0,7145.0,1.16,peligrosa,,08/02/2024
544.0,01/02/2024,51.0,22.0,14906.7,51.72,PERECIBLE,Entregado,2024-02-09
545.0,,68.0,49.0,10936.2,10.54,General,En tránsito,09/02/2024
546.0,03/02/2024,42.0,14.0,$14287.8,37.35,Perecible,Entregado,10/02/2024
547.0,03/02/2024,57.0,42.0,12526.2,1.6,Frágil,En tránsito,2024-02-11
548.0,2024-02-04,68.0,45.0,13544.5,24.03,  Perecible  ,Devuelto,2024-02-11
,05/02/2024,38.0,,12218.1,59.16,General,Entregado,12/02/2024
550.0,2024-02-06,62.0,27.0,6892.8,6.13,  Frágil  ,En tránsito,2024-02-13
551.0,2024-02-06,7.0,33.0,3784.3,25.48,Peligrosa,Devuelto,2024-02-14
552.0,07/02/2024,71.0,60.0,5561.1,18.5,Peligrosa,Entregado,14/02/2024
553.0,2024-02-08,50.0,22.0,313.3,54.31,Peligrosa,Entregado,2024-02-15
554.0,09/02/2024,52.0,29.0,7864.7,52.17,Frágil,Cancelado,2024-02-16
555.0,2024-02-09,26.0,19.0,7580.8,14.34,Peligrosa,Cancelado,2024-02-17
556.0,10/02/2024,26.0,19.0,7883.5,4.96,Perecible,En tránsito,17/02/2024
557.0,2024-02-11,19.0,6.0,14610.7,37.67,Frágil,Entregado,18/02/2024
558.0,2024-02-12,9.0,45.0,13672.7,20.25,Frágil,Cancelado,2024-02-19
559.0,2024-02-12,,19.0,,40.36,Frágil,Entregado,20/02/2024
560.0,2024-02-13,20.0,13.0,5539.5,2.02,Refrigerada,Entregado,20/02/2024
561.0,14/02/2024,50.0,59.0,6365.1,8.09,  General  ,Entregado,2024-02-21
562.0,2024-02-14,80.0,26.0,5414.4,41.21,Refrigerada,Entregado,2024-02-22
563.0,2024-02-15,22.0,22.0,11979.5,12.82,Refrigerada,Retrasado,2024-02-23
564.0,16/02/2024,13.0,21.0,7865.3,51.47,Refrigerada,Retrasado,2024-02-23
565.0,2024-02-17,12.0,36.0,8585.8,3.61,General,Retrasado,2024-02-24
566.0,2024-02-17,10.0,56.0,12796.7,13.01,Refrigerada,Entregado,25/02/2024
567.0,18/02/2024,65.0,2.0,12090.9,59.91,Peligrosa,En tránsito,25/02/2024
568.0,2024-02-19,30.0,47.0,1991.9,26.04,Frágil,Retrasado,2024-02-26
569.0,2024-02-20,8.0,44.0,10711.6 aprox,42.21,Frágil,Entregado,27/02/2024
570.0,20/02/2024,21.0,30.0,6537.2,,Perecible,Cancelado,28/02/2024
571.0,21/02/2024,22.0,27.0,4426.8,36.63,  Peligrosa  ,Retrasado,28/02/2024
572.0,22/02/2024,18.0,7.0,759.8,43.59,GENERAL,En tránsito,2024-02-29
573.0,22/02/2024,66.0,20.0,7313.9,18.94,Frágil,Entregado,2024-03-01
574.0,2024-02-23,48.0,50.0,5338.0,49.75,  Refrigerada  ,En tránsito,2024-03-02
575.0,24/02/2024,44.0,31.0,3780.2,36.24,  Perecible  ,Cancelado,02/03/2024
576.0,,9.0,23.0,10423.1,23.41,Perecible,,03/03/2024
577.0,2024-02-25,67.0,13.0,11544.6,33.5,Frágil,Retrasado,2024-03-04
578.0,26/02/2024,54.0,17.0,3679.4,34.65,PELIGROSA,Entregado,05/03/2024
579.0,27/02/2024,26.0,4.0,751.2,10.02,Perecible,En tránsito,05/03/2024
580.0,28/02/2024,26.0,57.0,12732.8,24.22,Frágil,,06/03/2024
581.0,28/02/2024,34.0,14.0,,,Peligrosa,En tránsito,07/03/2024
582.0,29/02/2024,8.0,20.0,14057.3,,frágil,Cancelado,2024-03-08
583.0,01/03/2024,10.0,60.0,9418.0,45.69,Frágil,Entregado,08/03/2024
584.0,02/03/2024,48.0,13.0,4834.5,29.0,Peligrosa,Entregado,09/03/2024
585.0,2024-03-02,55.0,3.0,3704.7,56.42,  Peligrosa  ,Retrasado,10/03/2024
586.0,03/03/2024,54.0,26.0,145.0,17.69,,Entregado,2024-03-10
587.0,2024-03-04,78.0,26.0,3539.7,25.0,Frágil,Entregado,2024-03-11
588.0,04/03/2024,40.0,18.0,2074.5,47.24,,Entregado,2024-03-12
589.0,2024-03-05,15.0,32.0,9186.4,32.81,General,Entregado,13/03/2024
590.0,06/03/2024,18.0,14.0,,32.87,General,En tránsito,2024-03-13
591.0,2024-03-07,23.0,47.0,7934.2,3.3,Frágil,Retrasado,2024-03-14
592.0,07/03/2024,62.0,3.0,8855.8,23.98,,Entregado,2024-03-15
593.0,08/03/2024,46.0,1.0,4477.6,16.32,Perecible,Entregado,2024-03-16
594.0,2024-03-09,39.0,26.0,535.6,59.96,Peligrosa,Entregado,2024-03-16
595.0,10/03/2024,15.0,24.0,568.4,18.57,Frágil,Entregado,
596.0,2024-03-10,53.0,49.0,404.9,53.08,Refrigerada,Entregado,2024-03-18
597.0,11/03/2024,64.0,35.0,11089.5,40.61,Peligrosa,Entregado,19/03/2024
,2024-03-12,63.0,14.0,4777.0,20.52,Frágil,,19/03/2024
599.0,2024-03-12,80.0,3.0,11946.5,32.66,REFRIGERADA,En tránsito,2024-03-20
600.0,13/03/2024,16.0,13.0,6481.7,50.45,PERECIBLE,Entregado,21/03/2024
601.0,2024-03-14,70.0,47.0,6800.4,53.01,Refrigerada,En tránsito,2024-03-22
602.0,2024-03-15,66.0,50.0,7698.1,9.71,Frágil,Cancelado,2024-03-22
603.0,15/03/2024,13.0,14.0,10698.3,20.44,  General  ,Entregado,23/03/2024
604.0,16/03/2024,47.0,21.0,4109.8,20.18,FRÁGIL,Entregado,2024-03-24
605.0,17/03/2024,9.0,26.0,1832.6,2.62,General,En tránsito,2024-03-24
606.0,18/03/2024,63.0,3.0,8345.3,35.93,,Entregado,2024-03-25
607.0,18/03/2024,34.0,51.0,4911.4,51.3,Perecible,En tránsito,2024-03-26
608.0,2024-03-19,29.0,40.0,6642.9,22.96,Peligrosa,Retrasado,2024-03-27
609.0,2024-03-20,37.0,4.0,9707.7,,Peligrosa,Entregado,2024-03-27
610.0,21/03/2024,43.0,36.0,7416.9,37.7,General,En tránsito,28/03/2024
611.0,21/03/2024,64.0,51.0,9308.0,22.6,General,En tránsito,29/03/2024
612.0,22/03/2024,24.0,43.0,,8.55,Perecible,Entregado,2024-03-30
613.0,2024-03-23,71.0,1.0,11099.5,42.59,Refrigerada,Entregado,2024-03-30
614.0,2024-03-23,34.0,40.0,10592.0,51.29,General,Cancelado,2024-03-31
615.0,24/03/2024,48.0,47.0,8017.5,41.18,General,Cancelado,2024-04-01
616.0,25/03/2024,12.0,33.0,10186.8,,Refrigerada,Retrasado,02/04/2024
617.0,26/03/2024,23.0,,13104.7,13.05,Peligrosa,Cancelado,02/04/2024
618.0,26/03/2024,79.0,53.0,6489.7,4.26,Peligrosa,Entregado,2024-04-03
619.0,,13.0,52.0,6197.3,34.27,General,Entregado,04/04/2024
620.0,28/03/2024,45.0,52.0,11466.0,45.41,Peligrosa,Entregado,2024-04-05
621.0,29/03/2024,65.0,56.0,8742.5,6.72,Peligrosa,Entregado,2024-04-05
622.0,2024-03-29,47.0,11.0,1074.4,50.32,,Retrasado,06/04/2024
623.0,30/03/2024,58.0,27.0,13382.8,33.37,Perecible,Devuelto,07/04/2024
624.0,31/03/2024,5.0,14.0,471.4,41.43,Frágil,Retrasado,2024-04-07
625.0,31/03/2024,77.0,22.0,11228.5,58.29,general,En tránsito,08/04/2024
626.0,2024-04-01,5.0,16.0,~11384.3,5.11,General,Entregado,2024-04-09
627.0,2024-04-02,60.0,46.0,14297.1,54.08,Perecible,Entregado,10/04/2024
628.0,2024-04-03,21.0,12.0,821.5,7.65,Frágil,Entregado,2024-04-10
629.0,03/04/2024,24.0,49.0,8956.9,23.64,Frágil,En tránsito,
630.0,04/04/2024,18.0,46.0,,51.1,Perecible,Entregado,2024-04-12
631.0,05/04/2024,21.0,10.0,4966.2,54.38,Refrigerada,Cancelado,2024-04-13
632.0,2024-04-06,54.0,24.0,1363.9,30.43,Refrigerada,Cancelado,13/04/2024
633.0,2024-04-06,10.0,46.0,8444.2,35.69,Frágil,Entregado,14/04/2024
634.0,07/04/2024,24.0,18.0,7190.8,42.52,Refrigerada,Entregado,15/04/2024
635.0,2024-04-08,60.0,22.0,1577.3,49.98,Refrigerada,En tránsito,16/04/2024
636.0,2024-04-09,57.0,9.0,9191.2,7.38,Refrigerada,Entregado,
637.0,2024-04-09,23.0,17.0,11071.9,48.62,frágil,Retrasado,17/04/2024
638.0,,22.0,38.0,11511.5,28.93,REFRIGERADA,En tránsito,18/04/2024
639.0,11/04/2024,68.0,,13581.5,27.09,General,Entregado,
640.0,11/04/2024,34.0,58.0,6148.0,25.49,Frágil,Entregado,2024-04-19
641.0,12/04/2024,70.0,13.0,14296.6,30.6,Perecible,Entregado,20/04/2024
642.0,13/04/2024,28.0,50.0,12982.8,56.71,Refrigerada,Cancelado,21/04/2024
,14/04/2024,39.0,37.0,4454.6,32.94,Peligrosa,Entregado,2024-04-21
644.0,14/04/2024,,6.0,2397.7,57.2,Frágil,Cancelado,2024-04-22
645.0,2024-04-15,23.0,21.0,6536.5,10.9,  Perecible  ,En tránsito,2024-04-23
646.0,2024-04-16,70.0,51.0,6034.5,43.48,General,Retrasado,24/04/2024
647.0,17/04/2024,80.0,36.0,8640.0,48.75,,Entregado,24/04/2024
648.0,2024-04-17,2.0,7.0,8755.0,40.78,Refrigerada,En tránsito,2024-04-25
649.0,18/04/2024,24.0,36.0,11252.3,36.45,Peligrosa,,2024-04-26
650.0,19/04/2024,17.0,25.0,7653.3,33.93,  Refrigerada  ,En tránsito,27/04/2024
651.0,19/04/2024,65.0,11.0,1581.3,51.67,Perecible,Retrasado,2024-04-27
,2024-04-20,70.0,44.0,12875.8,49.32,Frágil,En tránsito,28/04/2024
653.0,2024-04-21,69.0,14.0,4653.4,7.43,peligrosa,,29/04/2024
654.0,,60.0,45.0,14569.7,50.93,Peligrosa,Entregado,2024-04-30
655.0,,50.0,29.0,1776.7,24.9,Perecible,Retrasado,2024-04-30
656.0,23/04/2024,12.0,10.0,14374.2,15.3,refrigerada,Entregado,01/05/2024
657.0,24/04/2024,47.0,50.0,1374.3,52.2,Perecible,Retrasado,02/05/2024
658.0,2024-04-25,67.0,48.0,3473.2,25.98,Peligrosa,Cancelado,03/05/2024
659.0,25/04/2024,65.0,5.0,708.2,48.52,Perecible,Entregado,03/05/2024
,26/04/2024,27.0,8.0,10579.6,15.88,Peligrosa,En tránsito,04/05/2024
,27/04/2024,48.0,46.0,12756.0,0.34,REFRIGERADA,En tránsito,2024-05-05
662.0,28/04/2024,62.0,,6516.7,29.78,Frágil,Entregado,2024-05-05
663.0,28/04/2024,44.0,58.0,13928.5,6.1,Frágil,Entregado,2024-05-06
664.0,29/04/2024,19.0,60.0,8858.6,45.29,Perecible,Entregado,07/05/2024
665.0,2024-04-30,59.0,24.0,9453.8,16.64,,Cancelado,2024-05-08
666.0,30/04/2024,8.0,40.0,12682.8,26.67,Frágil,Cancelado,08/05/2024
667.0,2024-05-01,55.0,57.0,4459.0,5.31,Peligrosa,Retrasado,09/05/2024
668.0,2024-05-02,47.0,26.0,,17.27,Refrigerada,En tránsito,10/05/2024
669.0,2024-05-03,2.0,,13590.2,46.91,PERECIBLE,Retrasado,11/05/2024
670.0,2024-05-03,39.0,16.0,13515.4,9.18,Peligrosa,Entregado,2024-05-11
671.0,2024-05-04,45.0,60.0,14647.5,38.86,  Perecible  ,Entregado,2024-05-12
672.0,2024-05-05,,36.0,13528.6,55.05,Peligrosa,En tránsito,2024-05-13
673.0,06/05/2024,65.0,12.0,1919.3 aprox,,  Peligrosa  ,Cancelado,2024-05-14
674.0,2024-05-06,38.0,11.0,12357.6,48.68,Refrigerada,Retrasado,14/05/2024
675.0,07/05/2024,77.0,3.0,6153.5,6.63,PERECIBLE,En tránsito,15/05/2024
,2024-05-08,,,14862.1,15.12,General,Retrasado,2024-05-16
,08/05/2024,10.0,37.0,7089.5,53.68,  Peligrosa  ,Entregado,2024-05-17
678.0,2024-05-09,59.0,6.0,8312.0,42.93,  Peligrosa  ,,
679.0,10/05/2024,55.0,19.0,7951.3,38.41,Frágil,Entregado,18/05/2024
680.0,2024-05-11,20.0,18.0,4832.8,39.86,  Perecible  ,,19/05/2024
681.0,11/05/2024,,16.0,1134.6,24.91,General,En tránsito,2024-05-19
682.0,2024-05-12,68.0,23.0,13435.8,2.77,refrigerada,En tránsito,
683.0,13/05/2024,5.0,43.0,12042.1,47.09,General,,2024-05-21
684.0,14/05/2024,60.0,37.0,2101.5,40.75,Refrigerada,En tránsito,22/05/2024
685.0,,23.0,9.0,11653.8,28.42,General,En tránsito,2024-05-22
686.0,2024-05-15,46.0,3.0,9391.4,54.0,  General  ,Retrasado,2024-05-23
,2024-05-16,52.0,8.0,6143.1,20.24,Perecible,Cancelado,24/05/2024
688.0,17/05/2024,10.0,38.0,3817.8,17.73,  Frágil  ,Entregado,25/05/2024
689.0,17/05/2024,46.0,4.0,12897.3,52.38,General,Devuelto,25/05/2024
690.0,18/05/2024,28.0,12.0,10505.8,47.84,Peligrosa,En tránsito,2024-05-26
691.0,2024-05-19,43.0,44.0,8220.6,30.95,  Peligrosa  ,Retrasado,27/05/2024
692.0,19/05/2024,26.0,31.0,9147.4,7.93,Peligrosa,En tránsito,2024-05-28
693.0,2024-05-20,55.0,25.0,1375.1,12.98,Frágil,Entregado,2024-05-28
694.0,2024-05-21,48.0,53.0,7114.1,39.41,General,Entregado,2024-05-29
695.0,2024-05-22,29.0,16.0,2913.6,23.16,Refrigerada,Retrasado,2024-05-30
696.0,2024-05-22,27.0,42.0,3133.7,,  Refrigerada  ,En tránsito,31/05/2024
697.0,2024-05-23,18.0,54.0,9922.9,57.0,  Perecible  ,Retrasado,2024-05-31
698.0,,60.0,14.0,13669.7,48.36,FRÁGIL,Entregado,01/06/2024
699.0,25/05/2024,74.0,13.0,6062.3,22.71,,Entregado,2024-06-02
700.0,2024-05-25,69.0,,3124.2,47.34,Peligrosa,Entregado,2024-06-02
701.0,26/05/2024,74.0,7.0,9734.7,21.15,Frágil,Retrasado,2024-06-03
702.0,2024-05-27,21.0,12.0,13069.1,10.11,  Frágil  ,Entregado,04/06/2024
703.0,2024-05-27,24.0,37.0,11227.3,2.1,  General  ,Retrasado,
704.0,2024-05-28,3.0,50.0,13032.7,23.2,Perecible,Entregado,2024-06-05
705.0,2024-05-29,62.0,4.0,8053.0,54.22,Perecible,Retrasado,2024-06-06
706.0,30/05/2024,2.0,2.0,11280.6,14.42,Perecible,Entregado,2024-06-07
707.0,30/05/2024,66.0,35.0,2109.6,12.47,Peligrosa,Entregado,08/06/2024
708.0,31/05/2024,42.0,58.0,5230.6,,Peligrosa,En tránsito,2024-06-08
709.0,01/06/2024,34.0,44.0,5849.3,1.6,General,En tránsito,2024-06-09
710.0,02/06/2024,42.0,3.0,7674.3,47.17,Perecible,Entregado,10/06/2024
711.0,2024-06-02,20.0,4.0,13936.9,,General,Cancelado,11/06/2024
712.0,,68.0,38.0,13115.7,2.35,Perecible,Entregado,11/06/2024
713.0,2024-06-04,45.0,12.0,2026.5,55.08,Frágil,Entregado,12/06/2024
714.0,2024-06-05,75.0,19.0,2600.1,8.46,Refrigerada,,13/06/2024
715.0,,42.0,10.0,5371.0,33.15,Refrigerada,Entregado,2024-06-14
716.0,06/06/2024,47.0,1.0,4368.3,16.52,Perecible,Entregado,2024-06-14
717.0,07/06/2024,5.0,17.0,9225.4,4.01,General,Entregado,2024-06-15
718.0,07/06/2024,49.0,16.0,13542.6,3.09,  Peligrosa  ,Retrasado,2024-06-16
719.0,08/06/2024,37.0,,14434.8,,  Perecible  ,Entregado,2024-06-16
720.0,09/06/2024,34.0,57.0,9807.5,4.37,PERECIBLE,Retrasado,2024-06-17
721.0,10/06/2024,73.0,53.0,12574.0,45.66,  Peligrosa  ,Entregado,2024-06-18
722.0,2024-06-10,70.0,9.0,7882.8,29.19,Perecible,Entregado,19/06/2024
723.0,2024-06-11,18.0,59.0,,20.64,Frágil,Entregado,19/06/2024
724.0,12/06/2024,78.0,55.0,7875.1,25.16,peligrosa,Retrasado,2024-06-20
725.0,2024-06-13,19.0,9.0,8330.7,55.74,Frágil,En tránsito,21/06/2024
726.0,2024-06-13,78.0,12.0,11139.4,54.65,Refrigerada,,22/06/2024
727.0,2024-06-14,40.0,55.0,3306.0,42.97,Peligrosa,Entregado,22/06/2024
728.0,15/06/2024,17.0,41.0,5531.0,53.09,Peligrosa,Retrasado,23/06/2024
729.0,,60.0,15.0,5466.8,19.25,General,En tránsito,24/06/2024
730.0,16/06/2024,42.0,2.0,14392.0,22.93,General,Entregado,25/06/2024
731.0,2024-06-17,72.0,11.0,,36.86,Peligrosa,Entregado,2024-06-25
732.0,18/06/2024,65.0,11.0,11328.9,37.46,Refrigerada,Entregado,2024-06-26
733.0,18/06/2024,53.0,8.0,11264.7,28.95,perecible,En tránsito,27/06/2024
734.0,19/06/2024,7.0,55.0,3990.5,24.1,  General  ,Entregado,28/06/2024
735.0,2024-06-20,5.0,32.0,8582.3,,Refrigerada,Retrasado,2024-06-28
736.0,2024-06-21,24.0,6.0,13415.6,49.29,refrigerada,En tránsito,2024-06-29
,21/06/2024,28.0,53.0,7133.2,26.16,General,En tránsito,30/06/2024
738.0,2024-06-22,62.0,20.0,14177.3,43.66,Perecible,Entregado,30/06/2024
739.0,2024-06-23,17.0,39.0,3224.7,16.25,General,En tránsito,2024-07-01
740.0,2024-06-24,20.0,35.0,1121.6,6.1,refrigerada,Entregado,02/07/2024
741.0,2024-06-24,3.0,8.0,,21.21,Frágil,Entregado,03/07/2024
742.0,25/06/2024,37.0,50.0,12716.7,,  General  ,Retrasado,2024-07-03
743.0,26/06/2024,15.0,49.0,14888.9,1.09,Refrigerada,Entregado,2024-07-04
744.0,26/06/2024,51.0,43.0,10194.1,48.91,,Entregado,2024-07-05
745.0,27/06/2024,48.0,34.0,14051.0,21.62,Refrigerada,Entregado,06/07/2024
,2024-06-28,,57.0,12406.0,34.87,Perecible,Entregado,2024-07-06
747.0,29/06/2024,13.0,53.0,12668.0,4.53,  Refrigerada  ,Entregado,07/07/2024
748.0,29/06/2024,48.0,59.0,8541.4,10.58,Peligrosa,Entregado,08/07/2024
749.0,30/06/2024,3.0,56.0,5741.6,53.39,Frágil,En tránsito,09/07/2024
750.0,2024-07-01,65.0,19.0,14019.0,36.56,,Entregado,09/07/2024
751.0,2024-07-02,73.0,7.0,6487.4,57.02,general,Devuelto,2024-07-10
,02/07/2024,31.0,31.0,,59.93,  General  ,Entregado,11/07/2024
753.0,2024-07-03,26.0,18.0,6697.3,,REFRIGERADA,Entregado,2024-07-12
754.0,04/07/2024,56.0,40.0,8476.6,18.0,Peligrosa,En tránsito,2024-07-12
755.0,04/07/2024,34.0,14.0,7062.9,51.52,Refrigerada,Entregado,13/07/2024
756.0,2024-07-05,9.0,39.0,729.0,59.92,Perecible,Cancelado,14/07/2024
757.0,06/07/2024,62.0,60.0,,37.82,Peligrosa,En tránsito,2024-07-14
,07/07/2024,13.0,53.0,6671.5,47.73,REFRIGERADA,Entregado,2024-07-15
759.0,07/07/2024,69.0,60.0,8838.3,46.93,FRÁGIL,Retrasado,16/07/2024
760.0,2024-07-08,41.0,59.0,2096.4,21.38,Peligrosa,Entregado,
761.0,2024-07-09,77.0,36.0,60.8,34.5,Refrigerada,Devuelto,17/07/2024
762.0,2024-07-10,1.0,17.0,3686.9,50.0,Frágil,Cancelado,2024-07-18
763.0,,47.0,37.0,10571.7,41.32,refrigerada,En tránsito,19/07/2024
764.0,2024-07-11,4.0,44.0,1496.9,1.37,Perecible,Entregado,2024-07-20
765.0,12/07/2024,63.0,9.0,~13634.2,20.27,General,Entregado,20/07/2024
766.0,2024-07-13,52.0,58.0,~3233.2,8.75,Refrigerada,Entregado,21/07/2024
767.0,13/07/2024,10.0,20.0,3076.9,14.06,Peligrosa,Entregado,2024-07-22
768.0,14/07/2024,28.0,45.0,2730.8,54.34,Refrigerada,Entregado,2024-07-23
769.0,2024-07-15,6.0,57.0,219.6,2.31,Refrigerada,Cancelado,23/07/2024
770.0,2024-07-15,27.0,28.0,11579.4,13.27,Refrigerada,Entregado,2024-07-24
771.0,16/07/2024,12.0,50.0,13126.8,18.64,Refrigerada,En tránsito,25/07/2024
772.0,2024-07-17,62.0,20.0,9216.3 aprox,,,En tránsito,26/07/2024
773.0,2024-07-18,52.0,41.0,2831.1,32.09,Peligrosa,Cancelado,2024-07-26
774.0,18/07/2024,48.0,36.0,4286.3,13.17,REFRIGERADA,Entregado,2024-07-27
775.0,19/07/2024,67.0,53.0,7144.1 aprox,9.94,GENERAL,Entregado,28/07/2024
776.0,2024-07-20,46.0,27.0,14315.6,14.28,REFRIGERADA,Retrasado,28/07/2024
777.0,2024-07-21,74.0,8.0,3717.8,30.2,Peligrosa,Retrasado,2024-07-29
778.0,21/07/2024,15.0,32.0,10977.4,16.34,perecible,Cancelado,30/07/2024
779.0,2024-07-22,71.0,1.0,,56.86,Refrigerada,Retrasado,2024-07-31
780.0,2024-07-23,,17.0,4474.7,27.89,Refrigerada,Entregado,31/07/2024
781.0,23/07/2024,14.0,57.0,6844.2,3.62,  Refrigerada  ,En tránsito,01/08/2024
782.0,2024-07-24,78.0,9.0,1077.4,43.78,  Refrigerada  ,Entregado,02/08/2024
783.0,25/07/2024,3.0,20.0,11982.3,19.8,Frágil,En tránsito,03/08/2024
784.0,26/07/2024,67.0,45.0,3657.1,39.24,Refrigerada,En tránsito,03/08/2024
785.0,26/07/2024,19.0,32.0,10883.9 aprox,16.85,Peligrosa,En tránsito,2024-08-04
786.0,27/07/2024,76.0,2.0,1034.5,34.29,PELIGROSA,Cancelado,2024-08-05
787.0,28/07/2024,54.0,32.0,14326.9,46.35,FRÁGIL,En tránsito,06/08/2024
788.0,29/07/2024,69.0,45.0,2903.3,55.69,Refrigerada,Entregado,2024-08-06
789.0,2024-07-29,10.0,9.0,,15.74,General,Entregado,2024-08-07
790.0,2024-07-30,33.0,30.0,12144.0,20.16,Refrigerada,Cancelado,08/08/2024
791.0,31/07/2024,13.0,20.0,14518.2,27.91,Peligrosa,Entregado,2024-08-09
792.0,01/08/2024,51.0,38.0,7173.6,55.64,Perecible,Entregado,09/08/2024
793.0,01/08/2024,32.0,60.0,10913.7,54.09,Perecible,Entregado,2024-08-10
794.0,,75.0,1.0,5567.0,5.48,General,,2024-08-11
795.0,03/08/2024,24.0,60.0,2773.7,8.0,Refrigerada,Entregado,11/08/2024
796.0,03/08/2024,35.0,57.0,6651.7,29.78,Frágil,Cancelado,2024-08-12
797.0,2024-08-04,70.0,5.0,2494.6,6.49,refrigerada,Devuelto,13/08/2024
798.0,05/08/2024,40.0,35.0,14730.8,20.8,General,Devuelto,2024-08-14
799.0,06/08/2024,54.0,36.0,1452.7,,General,Entregado,2024-08-14
800.0,06/08/2024,44.0,1.0,8842.3,38.2,  General  ,Cancelado,2024-08-15
801.0,2024-08-07,62.0,14.0,9400.7,56.97,Perecible,Devuelto,16/08/2024
802.0,2024-08-08,68.0,9.0,8075.8,59.8,  Refrigerada  ,Cancelado,2024-08-17
803.0,09/08/2024,33.0,30.0,9936.2,22.58,Refrigerada,En tránsito,2024-08-17
804.0,09/08/2024,77.0,24.0,1751.5,35.98,Frágil,Retrasado,18/08/2024
805.0,2024-08-10,56.0,4.0,8329.7,51.39,General,Entregado,
806.0,11/08/2024,36.0,,4315.3,7.14,  General  ,Cancelado,2024-08-20
807.0,11/08/2024,54.0,14.0,14103.2,41.4,Peligrosa,Entregado,20/08/2024
808.0,2024-08-12,19.0,25.0,11433.5,24.59,Peligrosa,Entregado,2024-08-21
809.0,13/08/2024,43.0,4.0,14588.0,12.45,PERECIBLE,Devuelto,22/08/2024
810.0,14/08/2024,12.0,25.0,573.0,,Refrigerada,Entregado,2024-08-23
811.0,14/08/2024,11.0,10.0,4284.1,4.65,Frágil,Entregado,2024-08-23
812.0,2024-08-15,70.0,35.0,2939.4,41.75,Frágil,Devuelto,2024-08-24
813.0,16/08/2024,12.0,55.0,1772.0,15.24,General,Devuelto,25/08/2024
814.0,17/08/2024,41.0,7.0,3642.5,18.75,frágil,Entregado,2024-08-25
815.0,17/08/2024,25.0,42.0,~10184.9,7.35,General,Cancelado,2024-08-26
816.0,18/08/2024,3.0,13.0,-17370.0,51.89,REFRIGERADA,Entregado,27/08/2024
817.0,2024-08-19,3.0,4.0,7640.0,29.66,  Frágil  ,Entregado,28/08/2024
818.0,2024-08-20,28.0,50.0,13318.4,34.37,General,Entregado,2024-08-28
819.0,20/08/2024,23.0,43.0,,34.21,Refrigerada,Entregado,2024-08-29
820.0,2024-08-21,48.0,57.0,5925.5,24.69,Refrigerada,Entregado,2024-08-30
821.0,2024-08-22,67.0,36.0,5593.3,11.63,,Entregado,31/08/2024
822.0,2024-08-22,42.0,56.0,6841.5,44.73,General,Cancelado,2024-08-31
823.0,23/08/2024,40.0,14.0,2663.9,7.71,Perecible,En tránsito,01/09/2024
824.0,2024-08-24,,18.0,9513.7,,Refrigerada,Cancelado,02/09/2024
825.0,2024-08-25,20.0,8.0,5468.7,42.64,General,,03/09/2024
826.0,2024-08-25,11.0,32.0,12787.0,12.61,Refrigerada,Entregado,03/09/2024
827.0,26/08/2024,27.0,27.0,11350.7,18.48,Frágil,Cancelado,04/09/2024
828.0,27/08/2024,,42.0,9161.6,28.57,PELIGROSA,Cancelado,2024-09-05
829.0,2024-08-28,13.0,37.0,273470.0,27.02,Peligrosa,Entregado,2024-09-06
830.0,28/08/2024,35.0,23.0,3156.9,42.54,General,Entregado,2024-09-06
831.0,2024-08-29,47.0,7.0,11644.5,37.44,General,Retrasado,2024-09-07
832.0,30/08/2024,28.0,12.0,7301.3,38.7,REFRIGERADA,Retrasado,2024-09-08
833.0,2024-08-30,21.0,25.0,3379.0,42.87,General,Cancelado,08/09/2024
834.0,31/08/2024,18.0,3.0,2935.7,17.63,,Entregado,09/09/2024
835.0,01/09/2024,31.0,26.0,2489.4,19.41,  General  ,Entregado,10/09/2024
836.0,2024-09-02,60.0,4.0,11659.6,,REFRIGERADA,En tránsito,
837.0,2024-09-02,37.0,42.0,3442.5,18.52,General,En tránsito,2024-09-11
838.0,2024-09-03,21.0,36.0,7904.4,59.1,Perecible,Entregado,12/09/2024
839.0,04/09/2024,14.0,,6778.7,48.86,Refrigerada,Entregado,13/09/2024
840.0,2024-09-05,60.0,,86984.0,,Perecible,En tránsito,2024-09-14
841.0,05/09/2024,23.0,29.0,~13158.6,0.44,Perecible,Retrasado,14/09/2024
842.0,2024-09-06,29.0,10.0,,2.66,Perecible,Entregado,2024-09-15
843.0,07/09/2024,47.0,21.0,6771.6,14.72,Perecible,Entregado,16/09/2024
844.0,08/09/2024,30.0,54.0,240.3,6.95,Frágil,Retrasado,17/09/2024
845.0,08/09/2024,38.0,16.0,6402.4,32.05,  Peligrosa  ,Devuelto,2024-09-17
846.0,2024-09-09,27.0,47.0,9096.8,51.49,Frágil,Entregado,18/09/2024
847.0,10/09/2024,15.0,19.0,8370.9,44.23,General,Entregado,19/09/2024
848.0,2024-09-10,59.0,29.0,9773.5,,General,Cancelado,2024-09-20
,11/09/2024,3.0,52.0,2319.6,24.02,Peligrosa,Entregado,2024-09-20
850.0,2024-09-12,10.0,51.0,9701.6,30.52,Peligrosa,Retrasado,21/09/2024
851.0,13/09/2024,79.0,18.0,2747.9,48.63,  Peligrosa  ,En tránsito,22/09/2024
852.0,13/09/2024,80.0,58.0,$11260.4,50.36,  Perecible  ,Entregado,2024-09-22
853.0,14/09/2024,17.0,44.0,5092.9,54.59,frágil,En tránsito,23/09/2024
854.0,2024-09-15,11.0,57.0,10651.3,30.6,General,En tránsito,2024-09-24
855.0,,48.0,16.0,727.5,41.69,Frágil,En tránsito,25/09/2024
856.0,2024-09-16,5.0,,$6123.8,6.8,Frágil,Entregado,2024-09-25
857.0,2024-09-17,69.0,48.0,10578.5,33.96,Frágil,Devuelto,26/09/2024
858.0,2024-09-18,64.0,2.0,3410.8,15.0,Peligrosa,Entregado,
859.0,2024-09-18,14.0,56.0,119314.0,25.96,Peligrosa,En tránsito,28/09/2024
860.0,19/09/2024,50.0,15.0,9465.4,38.08,General,Cancelado,2024-09-28
861.0,2024-09-20,26.0,39.0,8817.6,15.49,general,Entregado,
862.0,2024-09-21,72.0,28.0,5309.7,3.23,,Retrasado,
863.0,21/09/2024,69.0,1.0,724190.0,0.71,Frágil,Devuelto,01/10/2024
864.0,22/09/2024,7.0,5.0,,,  Peligrosa  ,Entregado,01/10/2024
865.0,2024-09-23,16.0,42.0,7092.2,0.6,PERECIBLE,Entregado,02/10/2024
866.0,2024-09-24,55.0,22.0,10477.7,6.71,frágil,Cancelado,2024-10-03
867.0,24/09/2024,78.0,53.0,6511.1,14.45,REFRIGERADA,Entregado,2024-10-04
868.0,2024-09-25,56.0,36.0,3042.1,13.35,  Frágil  ,Entregado,04/10/2024
869.0,2024-09-26,4.0,46.0,3216.9,59.21,Peligrosa,Cancelado,
870.0,2024-09-27,48.0,13.0,97.0,18.43,Refrigerada,Retrasado,06/10/2024
871.0,27/09/2024,17.0,1.0,4521.4,7.73,Frágil,Devuelto,2024-10-06
872.0,28/09/2024,36.0,16.0,11236.3,32.78,Peligrosa,Entregado,2024-10-07
873.0,29/09/2024,70.0,55.0,11914.5,51.49,Peligrosa,Entregado,08/10/2024
874.0,2024-09-29,80.0,,3045.0,40.72,perecible,Entregado,2024-10-09
875.0,2024-09-30,38.0,22.0,14386.1,17.84,Frágil,En tránsito,2024-10-09
876.0,2024-10-01,62.0,32.0,7541.0,33.74,Peligrosa,En tránsito,2024-10-10
877.0,2024-10-02,48.0,,13755.5,42.92,GENERAL,Entregado,11/10/2024
878.0,2024-10-02,10.0,51.0,10604.4,43.71,Peligrosa,Entregado,2024-10-12
879.0,2024-10-03,36.0,15.0,10839.3,40.03,Perecible,En tránsito,2024-10-12
880.0,,29.0,58.0,1284.8,52.26,Peligrosa,En tránsito,13/10/2024
881.0,05/10/2024,78.0,46.0,3307.7,52.22,FRÁGIL,Entregado,14/10/2024
882.0,05/10/2024,4.0,52.0,142.1,34.78,Frágil,Cancelado,2024-10-15
883.0,2024-10-06,44.0,42.0,10744.8,25.85,Refrigerada,Entregado,15/10/2024
884.0,2024-10-07,56.0,53.0,5173.1,38.53,Frágil,Retrasado,16/10/2024
885.0,2024-10-07,42.0,12.0,11801.9,49.11,Refrigerada,Cancelado,2024-10-17
,08/10/2024,13.0,60.0,5090.7,0.44,General,En tránsito,2024-10-18
887.0,2024-10-09,46.0,1.0,12291.8,59.52,Perecible,Entregado,2024-10-18
888.0,10/10/2024,33.0,53.0,1969.2,11.06,GENERAL,Entregado,19/10/2024
889.0,2024-10-10,21.0,17.0,2608.9,28.27,Refrigerada,Cancelado,
890.0,2024-10-11,80.0,41.0,5119.7,52.33,Peligrosa,Entregado,20/10/2024
891.0,2024-10-12,79.0,55.0,6133.2,13.58,peligrosa,Retrasado,2024-10-21
892.0,2024-10-13,57.0,51.0,5237.1,28.66,General,Devuelto,2024-10-22
893.0,13/10/2024,69.0,57.0,11457.1,8.04,  Peligrosa  ,Devuelto,23/10/2024
894.0,2024-10-14,70.0,50.0,1463.3,23.77,Refrigerada,En tránsito,2024-10-23
895.0,15/10/2024,67.0,28.0,5274.7,10.71,Perecible,Retrasado,24/10/2024
896.0,2024-10-16,48.0,7.0,12560.2,21.88,Frágil,Devuelto,2024-10-25
897.0,16/10/2024,76.0,9.0,1011.3,22.47,Refrigerada,Entregado,26/10/2024
898.0,,33.0,22.0,14135.7,59.59,Refrigerada,Entregado,26/10/2024
899.0,2024-10-18,36.0,26.0,14794.9,59.69,  Frágil  ,Entregado,
900.0,18/10/2024,33.0,53.0,,6.98,Frágil,Entregado,2024-10-28
901.0,19/10/2024,31.0,12.0,4376.2,43.59,Perecible,Cancelado,2024-10-29
902.0,2024-10-20,21.0,7.0,5592.3,3.2,Perecible,En tránsito,2024-10-29
903.0,,27.0,46.0,11648.1,1.91,Perecible,Cancelado,30/10/2024
904.0,21/10/2024,72.0,47.0,8942.9,6.41,,Retrasado,2024-10-31
905.0,22/10/2024,62.0,15.0,9669.0,57.93,Refrigerada,En tránsito,2024-11-01
906.0,23/10/2024,26.0,38.0,11365.1,56.46,Frágil,En tránsito,01/11/2024
907.0,2024-10-24,66.0,21.0,1778.5,11.72,refrigerada,Entregado,02/11/2024
908.0,24/10/2024,12.0,14.0,12499.8,9.78,Refrigerada,Cancelado,2024-11-03
909.0,2024-10-25,22.0,2.0,10587.2,14.51,Perecible,Entregado,2024-11-03
910.0,2024-10-26,17.0,8.0,8664.4,,Perecible,En tránsito,2024-11-04
,2024-10-26,7.0,45.0,13347.1,34.23,Refrigerada,Entregado,2024-11-05
912.0,2024-10-27,68.0,55.0,10507.6,13.37,  Perecible  ,Cancelado,06/11/2024
913.0,28/10/2024,37.0,6.0,3033.5,45.42,peligrosa,Cancelado,
914.0,29/10/2024,38.0,37.0,6451.9,18.64,Frágil,En tránsito,07/11/2024
915.0,29/10/2024,11.0,37.0,,55.34,Refrigerada,En tránsito,08/11/2024
916.0,30/10/2024,1.0,57.0,837.7,39.44,Frágil,,09/11/2024
917.0,2024-10-31,,33.0,14320.0,26.24,PELIGROSA,Entregado,09/11/2024
918.0,01/11/2024,42.0,41.0,1937.4,47.42,  Perecible  ,Entregado,10/11/2024
919.0,01/11/2024,52.0,6.0,10464.9,49.09,  General  ,En tránsito,11/11/2024
920.0,2024-11-02,24.0,52.0,7598.4,17.5,Peligrosa,Entregado,2024-11-12
921.0,03/11/2024,53.0,,394.2,20.45,  General  ,,2024-11-12
922.0,04/11/2024,56.0,39.0,,56.16,,Entregado,2024-11-13
923.0,2024-11-04,63.0,41.0,12779.0,9.97,Refrigerada,Entregado,2024-11-14
924.0,2024-11-05,8.0,37.0,7868.6,2.62,Perecible,Entregado,15/11/2024
925.0,2024-11-06,59.0,14.0,3441.8,27.3,PELIGROSA,Entregado,15/11/2024
926.0,2024-11-06,45.0,37.0,1833.1,48.09,  Perecible  ,Entregado,16/11/2024
927.0,2024-11-07,27.0,8.0,5457.3 aprox,46.32,  General  ,Entregado,2024-11-17
928.0,2024-11-08,52.0,39.0,3838.9,55.18,General,En tránsito,2024-11-17
929.0,09/11/2024,18.0,13.0,7605.3,32.04,Refrigerada,Devuelto,2024-11-18
930.0,09/11/2024,16.0,13.0,14496.5,6.09,GENERAL,Entregado,2024-11-19
931.0,2024-11-10,66.0,40.0,8628.6,35.36,REFRIGERADA,Cancelado,20/11/2024
932.0,11/11/2024,5.0,43.0,13350.1,46.73,peligrosa,Entregado,2024-11-20
933.0,12/11/2024,3.0,28.0,9766.7,,Refrigerada,En tránsito,2024-11-21
934.0,2024-11-12,80.0,58.0,7133.9,10.44,General,,22/11/2024
935.0,13/11/2024,70.0,,12820.6,0.84,  Frágil  ,En tránsito,
936.0,14/11/2024,7.0,57.0,7075.8,35.66,Refrigerada,Retrasado,23/11/2024
937.0,2024-11-14,50.0,19.0,13030.7,53.22,Perecible,Entregado,24/11/2024
938.0,2024-11-15,14.0,38.0,4380.7,40.27,Frágil,Entregado,25/11/2024
939.0,2024-11-16,38.0,32.0,1940.9,58.92,Refrigerada,Cancelado,2024-11-26
940.0,2024-11-17,79.0,22.0,12831.2,3.88,Perecible,Entregado,2024-11-26
941.0,2024-11-17,47.0,2.0,8815.4,54.19,FRÁGIL,Entregado,
942.0,2024-11-18,33.0,60.0,13337.5,48.86,Refrigerada,Entregado,2024-11-28
943.0,,43.0,13.0,,18.92,Peligrosa,Entregado,2024-11-29
944.0,20/11/2024,29.0,23.0,813.9,58.41,Perecible,En tránsito,29/11/2024
945.0,20/11/2024,57.0,,7519.5,17.35,PELIGROSA,En tránsito,2024-11-30
946.0,2024-11-21,5.0,28.0,5630.7,53.37,general,Entregado,2024-12-01
947.0,22/11/2024,60.0,58.0,9391.6,52.86,REFRIGERADA,Entregado,01/12/2024
948.0,23/11/2024,,11.0,11905.9,45.48,  Refrigerada  ,Retrasado,02/12/2024
949.0,,2.0,33.0,4216.0,33.85,Perecible,Retrasado,2024-12-03
950.0,,70.0,24.0,8356.4,7.29,REFRIGERADA,Devuelto,
951.0,25/11/2024,43.0,2.0,$10633.8,31.97,General,Cancelado,2024-12-04
952.0,2024-11-25,4.0,30.0,2025.1,21.47,Refrigerada,Cancelado,2024-12-05
953.0,2024-11-26,56.0,17.0,12212.9,47.55,  Frágil  ,Retrasado,2024-12-06
954.0,27/11/2024,59.0,40.0,9095.6,45.51,Peligrosa,En tránsito,2024-12-07
955.0,28/11/2024,9.0,34.0,14243.6,54.65,General,Entregado,2024-12-07
956.0,28/11/2024,3.0,38.0,5099.5,,General,En tránsito,2024-12-08
957.0,29/11/2024,48.0,22.0,1631.1 aprox,48.57,peligrosa,Entregado,2024-12-09
958.0,30/11/2024,,5.0,7602.5,56.31,Peligrosa,Cancelado,10/12/2024
959.0,01/12/2024,1.0,48.0,1296.3,47.38,General,Entregado,10/12/2024
960.0,01/12/2024,57.0,40.0,14543.2,7.9,Peligrosa,En tránsito,2024-12-11
961.0,,53.0,51.0,589.9,4.97,  Perecible  ,Entregado,2024-12-12
962.0,2024-12-03,16.0,16.0,11305.0,1.35,Peligrosa,En tránsito,2024-12-13
963.0,2024-12-03,51.0,13.0,7881.3,37.76,  Frágil  ,Entregado,2024-12-13
964.0,04/12/2024,75.0,26.0,5535.6,37.82,FRÁGIL,Entregado,14/12/2024
965.0,05/12/2024,55.0,31.0,997.0,59.22,Perecible,Entregado,15/12/2024
966.0,06/12/2024,1.0,52.0,9336.3,23.94,Peligrosa,Entregado,2024-12-15
967.0,06/12/2024,28.0,39.0,8782.5,19.98,  Frágil  ,Entregado,16/12/2024
968.0,2024-12-07,53.0,48.0,,37.5,Refrigerada,Entregado,17/12/2024
969.0,08/12/2024,58.0,23.0,13654.2,49.55,  Peligrosa  ,Cancelado,18/12/2024
970.0,09/12/2024,73.0,48.0,,56.21,,Entregado,2024-12-18
971.0,2024-12-09,60.0,12.0,6751.4,48.21,Peligrosa,Entregado,19/12/2024
972.0,2024-12-10,59.0,14.0,8161.0,25.66,General,Devuelto,20/12/2024
973.0,2024-12-11,22.0,56.0,1512.5,38.13,  General  ,En tránsito,21/12/2024
974.0,12/12/2024,8.0,18.0,13983.1,51.39,Frágil,Entregado,21/12/2024
975.0,,49.0,27.0,5624.3,29.49,GENERAL,Entregado,22/12/2024
976.0,2024-12-13,42.0,28.0,1220.9,13.08,Perecible,Retrasado,23/12/2024
977.0,,27.0,18.0,5815.5,10.27,  Frágil  ,,24/12/2024
978.0,14/12/2024,39.0,16.0,~9007.0,0.11,Perecible,Entregado,2024-12-24
979.0,2024-12-15,25.0,52.0,7709.7,43.12,perecible,Retrasado,25/12/2024
980.0,16/12/2024,38.0,16.0,10421.2,6.75,General,Entregado,26/12/2024
981.0,2024-12-17,24.0,13.0,841.7,14.71,General,Cancelado,2024-12-27
982.0,,24.0,58.0,4275.3,17.94,Perecible,Entregado,
983.0,2024-12-18,60.0,29.0,12290.3,33.67,,,2024-12-28
984.0,2024-12-19,50.0,9.0,1207.6,23.94,  General  ,Retrasado,2024-12-29
985.0,2024-12-20,66.0,26.0,12833.7,40.51,,Entregado,29/12/2024
986.0,2024-12-20,,28.0,1387.5,3.43,  Peligrosa  ,Cancelado,30/12/2024
987.0,21/12/2024,53.0,41.0,12518.5,7.52,  Perecible  ,Devuelto,2024-12-31
988.0,2024-12-22,32.0,13.0,5418.2,30.0,Refrigerada,Entregado,01/01/2025
989.0,22/12/2024,48.0,36.0,,20.28,Perecible,Cancelado,2025-01-01
990.0,23/12/2024,39.0,9.0,2301.8,17.82,Frágil,Entregado,02/01/2025
991.0,,40.0,47.0,1001.9,4.11,  General  ,Cancelado,03/01/2025
992.0,2024-12-25,42.0,14.0,3246.9,53.75,General,Entregado,2025-01-04
,2024-12-25,77.0,51.0,1926.5,41.54,Refrigerada,,04/01/2025
994.0,26/12/2024,76.0,12.0,4693.0,7.38,Frágil,Entregado,05/01/2025
995.0,27/12/2024,8.0,53.0,7720.6,4.0,Peligrosa,Entregado,2025-01-06
996.0,28/12/2024,79.0,58.0,8835.5 aprox,58.49,  Perecible  ,Entregado,07/01/2025
997.0,28/12/2024,26.0,57.0,11850.1,40.9,,Cancelado,07/01/2025
998.0,29/12/2024,12.0,32.0,,25.11,Frágil,Cancelado,08/01/2025
999.0,30/12/2024,43.0,38.0,9135.3,42.13,Refrigerada,Entregado,2025-01-09
1000.0,31/12/2024,51.0,3.0,,45.4,  Frágil  ,Entregado,2025-01-10
733.0,18/06/2024,53.0,8.0,11264.7,28.95,perecible,En tránsito,27/06/2024
852.0,13/09/2024,80.0,58.0,$11260.4,50.36,  Perecible  ,Entregado,2024-09-22
721.0,10/06/2024,73.0,53.0,12574.0,45.66,  Peligrosa  ,Entregado,2024-06-18
915.0,29/10/2024,11.0,37.0,,55.34,Refrigerada,En tránsito,08/11/2024
401.0,,76.0,45.0,13621.4,57.26,,En tránsito,2023-10-26
871.0,27/09/2024,17.0,1.0,4521.4,7.73,Frágil,Devuelto,2024-10-06
892.0,2024-10-13,57.0,51.0,5237.1,28.66,General,Devuelto,2024-10-22
449.0,24/11/2023,60.0,17.0,6538.2,47.98,  Frágil  ,En tránsito,01/12/2023
635.0,2024-04-08,60.0,22.0,1577.3,49.98,Refrigerada,En tránsito,16/04/2024
628.0,2024-04-03,21.0,12.0,821.5,7.65,Frágil,Entregado,2024-04-10
669.0,2024-05-03,2.0,,13590.2,46.91,PERECIBLE,Retrasado,11/05/2024
270.0,2023-07-16,17.0,42.0,981.9,33.32,General,En tránsito,2023-07-22
17.0,2023-01-12,31.0,7.0,9078.1,19.56,PERECIBLE,Devuelto,2023-01-16
269.0,2023-07-15,16.0,52.0,2773.1,56.43,perecible,Retrasado,21/07/2023
861.0,2024-09-20,26.0,39.0,8817.6,15.49,general,Entregado,
482.0,2023-12-18,54.0,11.0,14634.3,49.07,PELIGROSA,Entregado,25/12/2023
219.0,2023-06-09,64.0,5.0,1103.8,1.19,  Frágil  ,,14/06/2023
319.0,2023-08-21,56.0,22.0,286.7,24.87,General,En tránsito,27/08/2023
238.0,23/06/2023,37.0,48.0,5969.9,46.31,Peligrosa,En tránsito,28/06/2023
545.0,,68.0,49.0,10936.2,10.54,General,En tránsito,09/02/2024
285.0,,40.0,37.0,9459.7,36.5,,Cancelado,02/08/2023
37.0,2023-01-27,22.0,54.0,192.6,18.73,perecible,En tránsito,31/01/2023
103.0,2023-03-16,35.0,39.0,,40.6,Frágil,Cancelado,21/03/2023
723.0,2024-06-11,18.0,59.0,,20.64,Frágil,Entregado,19/06/2024
430.0,2023-11-10,38.0,15.0,11797.6,33.99,PELIGROSA,Retrasado,17/11/2023
792.0,01/08/2024,51.0,38.0,7173.6,55.64,Perecible,Entregado,09/08/2024
654.0,,60.0,45.0,14569.7,50.93,Peligrosa,Entregado,2024-04-30
239.0,23/06/2023,77.0,46.0,9377.6,1.31,Perecible,Entregado,2023-06-29
741.0,2024-06-24,3.0,8.0,,21.21,Frágil,Entregado,03/07/2024
645.0,2024-04-15,23.0,21.0,6536.5,10.9,  Perecible  ,En tránsito,2024-04-23
